{
"type": "FeatureCollection",
"name": "meghalaya_1330_landslides",
"crs": { "type": "name", "properties": { "name": "urn:ogc:def:crs:OGC:1.3:CRS84" } },
"features": [
{ "type": "Feature", "properties": { "latitude": 25.474507122951682, "longitude": 91.890598135409036, "zone": "East_Khasi_Hills", "landslide_id": 1, "source": "GSI_Bhukosh_validated" }, "geometry": { "type": "Point", "coordinates": [ 91.890598135409036, 25.474507122951682 ] } },
{ "type": "Feature", "properties": { "latitude": 25.497153280715104, "longitude": 91.752141093049673, "zone": "East_Khasi_Hills", "landslide_id": 2, "source": "GSI_Bhukosh_validated" }, "geometry": { "type": "Point", "coordinates": [ 91.752141093049673, 25.497153280715104 ] } },
{ "type": "Feature", "properties": { "latitude": 25.628454478461201, "longitude": 91.975606977327686, "zone": "East_Khasi_Hills", "landslide_id": 3, "source": "GSI_Bhukosh_validated" }, "geometry": { "type": "Point", "coordinates": [ 91.975606977327686, 25.628454478461201 ] } },
{ "type": "Feature", "properties": { "latitude": 25.364876993791498, "longitude": 91.820461357244142, "zone": "East_Khasi_Hills", "landslide_id": 4, "source": "GSI_Bhukosh_validated" }, "geometry": { "type": "Point", "coordinates": [ 91.820461357244142, 25.364876993791498 ] } },
{ "type": "Feature", "properties": { "latitude": 25.364879456457622, "longitude": 91.781069075160659, "zone": "East_Khasi_Hills", "landslide_id": 5, "source": "GSI_Bhukosh_validated" }, "geometry": { "type": "Point", "coordinates": [ 91.781069075160659, 25.364879456457622 ] } },
{ "type": "Feature", "properties": { "latitude": 25.636881922326108, "longitude": 91.88394544600682, "zone": "East_Khasi_Hills", "landslide_id": 6, "source": "GSI_Bhukosh_validated" }, "geometry": { "type": "Point", "coordinates": [ 91.88394544600682, 25.636881922326108 ] } },
{ "type": "Feature", "properties": { "latitude": 25.515115209372937, "longitude": 91.744713651637099, "zone": "East_Khasi_Hills", "landslide_id": 7, "source": "GSI_Bhukosh_validated" }, "geometry": { "type": "Point", "coordinates": [ 91.744713651637099, 25.515115209372937 ] } },
{ "type": "Feature", "properties": { "latitude": 25.329578842109754, "longitude": 91.816952604197922, "zone": "East_Khasi_Hills", "landslide_id": 8, "source": "GSI_Bhukosh_validated" }, "geometry": { "type": "Point", "coordinates": [ 91.816952604197922, 25.329578842109754 ] } },
{ "type": "Feature", "properties": { "latitude": 25.481384006537894, "longitude": 91.720318316111673, "zone": "East_Khasi_Hills", "landslide_id": 9, "source": "GSI_Bhukosh_validated" }, "geometry": { "type": "Point", "coordinates": [ 91.720318316111673, 25.481384006537894 ] } },
{ "type": "Feature", "properties": { "latitude": 25.330140536964461, "longitude": 91.905289532795763, "zone": "East_Khasi_Hills", "landslide_id": 10, "source": "GSI_Bhukosh_validated" }, "geometry": { "type": "Point", "coordinates": [ 91.905289532795763, 25.330140536964461 ] } },
{ "type": "Feature", "properties": { "latitude": 25.436294340734904, "longitude": 91.795041173801124, "zone": "East_Khasi_Hills", "landslide_id": 11, "source": "GSI_Bhukosh_validated" }, "geometry": { "type": "Point", "coordinates": [ 91.795041173801124, 25.436294340734904 ] } },
{ "type": "Feature", "properties": { "latitude": 25.113007963301328, "longitude": 91.932096986610134, "zone": "East_Khasi_Hills", "landslide_id": 12, "source": "GSI_Bhukosh_validated" }, "geometry": { "type": "Point", "coordinates": [ 91.932096986610134, 25.113007963301328 ] } },
{ "type": "Feature", "properties": { "latitude": 25.141262325123044, "longitude": 91.883150792546388, "zone": "East_Khasi_Hills", "landslide_id": 13, "source": "GSI_Bhukosh_validated" }, "geometry": { "type": "Point", "coordinates": [ 91.883150792546388, 25.141262325123044 ] } },
{ "type": "Feature", "properties": { "latitude": 25.315656870613854, "longitude": 91.866854560070024, "zone": "East_Khasi_Hills", "landslide_id": 14, "source": "GSI_Bhukosh_validated" }, "geometry": { "type": "Point", "coordinates": [ 91.866854560070024, 25.315656870613854 ] } },
{ "type": "Feature", "properties": { "latitude": 25.248075331949835, "longitude": 91.992125005006514, "zone": "East_Khasi_Hills", "landslide_id": 15, "source": "GSI_Bhukosh_validated" }, "geometry": { "type": "Point", "coordinates": [ 91.992125005006514, 25.248075331949835 ] } },
{ "type": "Feature", "properties": { "latitude": 25.263796388671818, "longitude": 91.820424827858432, "zone": "East_Khasi_Hills", "landslide_id": 16, "source": "GSI_Bhukosh_validated" }, "geometry": { "type": "Point", "coordinates": [ 91.820424827858432, 25.263796388671818 ] } },
{ "type": "Feature", "properties": { "latitude": 25.188154444799704, "longitude": 91.8136272639033, "zone": "East_Khasi_Hills", "landslide_id": 17, "source": "GSI_Bhukosh_validated" }, "geometry": { "type": "Point", "coordinates": [ 91.8136272639033, 25.188154444799704 ] } },
{ "type": "Feature", "properties": { "latitude": 25.61984731533823, "longitude": 91.858742245427266, "zone": "East_Khasi_Hills", "landslide_id": 18, "source": "GSI_Bhukosh_validated" }, "geometry": { "type": "Point", "coordinates": [ 91.858742245427266, 25.61984731533823 ] } },
{ "type": "Feature", "properties": { "latitude": 25.366133554927018, "longitude": 91.554711825289672, "zone": "East_Khasi_Hills", "landslide_id": 19, "source": "GSI_Bhukosh_validated" }, "geometry": { "type": "Point", "coordinates": [ 91.554711825289672, 25.366133554927018 ] } },
{ "type": "Feature", "properties": { "latitude": 25.410129230703188, "longitude": 91.672721340670222, "zone": "East_Khasi_Hills", "landslide_id": 20, "source": "GSI_Bhukosh_validated" }, "geometry": { "type": "Point", "coordinates": [ 91.672721340670222, 25.410129230703188 ] } },
{ "type": "Feature", "properties": { "latitude": 25.41663838845648, "longitude": 91.862644594066552, "zone": "East_Khasi_Hills", "landslide_id": 21, "source": "GSI_Bhukosh_validated" }, "geometry": { "type": "Point", "coordinates": [ 91.862644594066552, 25.41663838845648 ] } },
{ "type": "Feature", "properties": { "latitude": 25.227350963386652, "longitude": 91.986483544458366, "zone": "East_Khasi_Hills", "landslide_id": 22, "source": "GSI_Bhukosh_validated" }, "geometry": { "type": "Point", "coordinates": [ 91.986483544458366, 25.227350963386652 ] } },
{ "type": "Feature", "properties": { "latitude": 25.456354702751849, "longitude": 91.946687523181538, "zone": "East_Khasi_Hills", "landslide_id": 23, "source": "GSI_Bhukosh_validated" }, "geometry": { "type": "Point", "coordinates": [ 91.946687523181538, 25.456354702751849 ] } },
{ "type": "Feature", "properties": { "latitude": 25.309744008165588, "longitude": 91.88081236127789, "zone": "East_Khasi_Hills", "landslide_id": 24, "source": "GSI_Bhukosh_validated" }, "geometry": { "type": "Point", "coordinates": [ 91.88081236127789, 25.309744008165588 ] } },
{ "type": "Feature", "properties": { "latitude": 25.677841727676338, "longitude": 91.756668933909936, "zone": "East_Khasi_Hills", "landslide_id": 25, "source": "GSI_Bhukosh_validated" }, "geometry": { "type": "Point", "coordinates": [ 91.756668933909936, 25.677841727676338 ] } },
{ "type": "Feature", "properties": { "latitude": 25.397975416289309, "longitude": 91.659033051961373, "zone": "East_Khasi_Hills", "landslide_id": 26, "source": "GSI_Bhukosh_validated" }, "geometry": { "type": "Point", "coordinates": [ 91.659033051961373, 25.397975416289309 ] } },
{ "type": "Feature", "properties": { "latitude": 25.241343360656614, "longitude": 91.930519545380093, "zone": "East_Khasi_Hills", "landslide_id": 27, "source": "GSI_Bhukosh_validated" }, "geometry": { "type": "Point", "coordinates": [ 91.930519545380093, 25.241343360656614 ] } },
{ "type": "Feature", "properties": { "latitude": 25.523381736815477, "longitude": 91.786547388207367, "zone": "East_Khasi_Hills", "landslide_id": 28, "source": "GSI_Bhukosh_validated" }, "geometry": { "type": "Point", "coordinates": [ 91.786547388207367, 25.523381736815477 ] } },
{ "type": "Feature", "properties": { "latitude": 25.216873452504345, "longitude": 91.686661943560352, "zone": "East_Khasi_Hills", "landslide_id": 29, "source": "GSI_Bhukosh_validated" }, "geometry": { "type": "Point", "coordinates": [ 91.686661943560352, 25.216873452504345 ] } },
{ "type": "Feature", "properties": { "latitude": 25.431329539250711, "longitude": 91.80301406736362, "zone": "East_Khasi_Hills", "landslide_id": 30, "source": "GSI_Bhukosh_validated" }, "geometry": { "type": "Point", "coordinates": [ 91.80301406736362, 25.431329539250711 ] } },
{ "type": "Feature", "properties": { "latitude": 25.106049481418033, "longitude": 91.737767799457842, "zone": "East_Khasi_Hills", "landslide_id": 31, "source": "GSI_Bhukosh_validated" }, "geometry": { "type": "Point", "coordinates": [ 91.737767799457842, 25.106049481418033 ] } },
{ "type": "Feature", "properties": { "latitude": 25.510769986999311, "longitude": 91.898804103802519, "zone": "East_Khasi_Hills", "landslide_id": 32, "source": "GSI_Bhukosh_validated" }, "geometry": { "type": "Point", "coordinates": [ 91.898804103802519, 25.510769986999311 ] } },
{ "type": "Feature", "properties": { "latitude": 25.382652757641761, "longitude": 91.911605246147147, "zone": "East_Khasi_Hills", "landslide_id": 33, "source": "GSI_Bhukosh_validated" }, "geometry": { "type": "Point", "coordinates": [ 91.911605246147147, 25.382652757641761 ] } },
{ "type": "Feature", "properties": { "latitude": 25.354834445661606, "longitude": 91.770807369800764, "zone": "East_Khasi_Hills", "landslide_id": 34, "source": "GSI_Bhukosh_validated" }, "geometry": { "type": "Point", "coordinates": [ 91.770807369800764, 25.354834445661606 ] } },
{ "type": "Feature", "properties": { "latitude": 25.292023368740793, "longitude": 91.980836506552706, "zone": "East_Khasi_Hills", "landslide_id": 35, "source": "GSI_Bhukosh_validated" }, "geometry": { "type": "Point", "coordinates": [ 91.980836506552706, 25.292023368740793 ] } },
{ "type": "Feature", "properties": { "latitude": 25.330904184356029, "longitude": 91.744413076851032, "zone": "East_Khasi_Hills", "landslide_id": 36, "source": "GSI_Bhukosh_validated" }, "geometry": { "type": "Point", "coordinates": [ 91.744413076851032, 25.330904184356029 ] } },
{ "type": "Feature", "properties": { "latitude": 25.558568333932836, "longitude": 91.871449198287465, "zone": "East_Khasi_Hills", "landslide_id": 37, "source": "GSI_Bhukosh_validated" }, "geometry": { "type": "Point", "coordinates": [ 91.871449198287465, 25.558568333932836 ] } },
{ "type": "Feature", "properties": { "latitude": 25.451542743435269, "longitude": 91.768657261992288, "zone": "East_Khasi_Hills", "landslide_id": 38, "source": "GSI_Bhukosh_validated" }, "geometry": { "type": "Point", "coordinates": [ 91.768657261992288, 25.451542743435269 ] } },
{ "type": "Feature", "properties": { "latitude": 25.135543976695587, "longitude": 91.692580040355352, "zone": "East_Khasi_Hills", "landslide_id": 39, "source": "GSI_Bhukosh_validated" }, "geometry": { "type": "Point", "coordinates": [ 91.692580040355352, 25.135543976695587 ] } },
{ "type": "Feature", "properties": { "latitude": 25.298461699954103, "longitude": 91.690214863927139, "zone": "East_Khasi_Hills", "landslide_id": 40, "source": "GSI_Bhukosh_validated" }, "geometry": { "type": "Point", "coordinates": [ 91.690214863927139, 25.298461699954103 ] } },
{ "type": "Feature", "properties": { "latitude": 25.49175144332613, "longitude": 91.984445385503591, "zone": "East_Khasi_Hills", "landslide_id": 41, "source": "GSI_Bhukosh_validated" }, "geometry": { "type": "Point", "coordinates": [ 91.984445385503591, 25.49175144332613 ] } },
{ "type": "Feature", "properties": { "latitude": 25.554649928374392, "longitude": 91.802403614631729, "zone": "East_Khasi_Hills", "landslide_id": 42, "source": "GSI_Bhukosh_validated" }, "geometry": { "type": "Point", "coordinates": [ 91.802403614631729, 25.554649928374392 ] } },
{ "type": "Feature", "properties": { "latitude": 25.539692017867427, "longitude": 91.826931192435296, "zone": "East_Khasi_Hills", "landslide_id": 43, "source": "GSI_Bhukosh_validated" }, "geometry": { "type": "Point", "coordinates": [ 91.826931192435296, 25.539692017867427 ] } },
{ "type": "Feature", "properties": { "latitude": 25.274117371516603, "longitude": 91.811140911364177, "zone": "East_Khasi_Hills", "landslide_id": 44, "source": "GSI_Bhukosh_validated" }, "geometry": { "type": "Point", "coordinates": [ 91.811140911364177, 25.274117371516603 ] } },
{ "type": "Feature", "properties": { "latitude": 25.353618143622317, "longitude": 91.770401384548038, "zone": "East_Khasi_Hills", "landslide_id": 45, "source": "GSI_Bhukosh_validated" }, "geometry": { "type": "Point", "coordinates": [ 91.770401384548038, 25.353618143622317 ] } },
{ "type": "Feature", "properties": { "latitude": 25.449689514710535, "longitude": 91.90727824419173, "zone": "East_Khasi_Hills", "landslide_id": 46, "source": "GSI_Bhukosh_validated" }, "geometry": { "type": "Point", "coordinates": [ 91.90727824419173, 25.449689514710535 ] } },
{ "type": "Feature", "properties": { "latitude": 25.546331769068352, "longitude": 91.775357482538354, "zone": "East_Khasi_Hills", "landslide_id": 47, "source": "GSI_Bhukosh_validated" }, "geometry": { "type": "Point", "coordinates": [ 91.775357482538354, 25.546331769068352 ] } },
{ "type": "Feature", "properties": { "latitude": 25.328123864323207, "longitude": 91.940568523866986, "zone": "East_Khasi_Hills", "landslide_id": 48, "source": "GSI_Bhukosh_validated" }, "geometry": { "type": "Point", "coordinates": [ 91.940568523866986, 25.328123864323207 ] } },
{ "type": "Feature", "properties": { "latitude": 25.372151153500425, "longitude": 91.89246428358264, "zone": "East_Khasi_Hills", "landslide_id": 49, "source": "GSI_Bhukosh_validated" }, "geometry": { "type": "Point", "coordinates": [ 91.89246428358264, 25.372151153500425 ] } },
{ "type": "Feature", "properties": { "latitude": 25.234049753899093, "longitude": 91.864157792970047, "zone": "East_Khasi_Hills", "landslide_id": 50, "source": "GSI_Bhukosh_validated" }, "geometry": { "type": "Point", "coordinates": [ 91.864157792970047, 25.234049753899093 ] } },
{ "type": "Feature", "properties": { "latitude": 25.220569006387898, "longitude": 91.763865450693771, "zone": "East_Khasi_Hills", "landslide_id": 51, "source": "GSI_Bhukosh_validated" }, "geometry": { "type": "Point", "coordinates": [ 91.763865450693771, 25.220569006387898 ] } },
{ "type": "Feature", "properties": { "latitude": 25.521878873359128, "longitude": 91.813484300414757, "zone": "East_Khasi_Hills", "landslide_id": 52, "source": "GSI_Bhukosh_validated" }, "geometry": { "type": "Point", "coordinates": [ 91.813484300414757, 25.521878873359128 ] } },
{ "type": "Feature", "properties": { "latitude": 25.38919848176295, "longitude": 91.975137578143659, "zone": "East_Khasi_Hills", "landslide_id": 53, "source": "GSI_Bhukosh_validated" }, "geometry": { "type": "Point", "coordinates": [ 91.975137578143659, 25.38919848176295 ] } },
{ "type": "Feature", "properties": { "latitude": 25.550529934683802, "longitude": 91.753366713280229, "zone": "East_Khasi_Hills", "landslide_id": 54, "source": "GSI_Bhukosh_validated" }, "geometry": { "type": "Point", "coordinates": [ 91.753366713280229, 25.550529934683802 ] } },
{ "type": "Feature", "properties": { "latitude": 25.454245403757145, "longitude": 91.914899845814389, "zone": "East_Khasi_Hills", "landslide_id": 55, "source": "GSI_Bhukosh_validated" }, "geometry": { "type": "Point", "coordinates": [ 91.914899845814389, 25.454245403757145 ] } },
{ "type": "Feature", "properties": { "latitude": 25.45420934082626, "longitude": 91.649589207831795, "zone": "East_Khasi_Hills", "landslide_id": 56, "source": "GSI_Bhukosh_validated" }, "geometry": { "type": "Point", "coordinates": [ 91.649589207831795, 25.45420934082626 ] } },
{ "type": "Feature", "properties": { "latitude": 25.630705484969894, "longitude": 91.981504028856989, "zone": "East_Khasi_Hills", "landslide_id": 57, "source": "GSI_Bhukosh_validated" }, "geometry": { "type": "Point", "coordinates": [ 91.981504028856989, 25.630705484969894 ] } },
{ "type": "Feature", "properties": { "latitude": 25.394626094133507, "longitude": 91.800606436158134, "zone": "East_Khasi_Hills", "landslide_id": 58, "source": "GSI_Bhukosh_validated" }, "geometry": { "type": "Point", "coordinates": [ 91.800606436158134, 25.394626094133507 ] } },
{ "type": "Feature", "properties": { "latitude": 25.634696548372098, "longitude": 91.985589800288977, "zone": "East_Khasi_Hills", "landslide_id": 59, "source": "GSI_Bhukosh_validated" }, "geometry": { "type": "Point", "coordinates": [ 91.985589800288977, 25.634696548372098 ] } },
{ "type": "Feature", "properties": { "latitude": 25.007038234386538, "longitude": 91.785511126518628, "zone": "East_Khasi_Hills", "landslide_id": 60, "source": "GSI_Bhukosh_validated" }, "geometry": { "type": "Point", "coordinates": [ 91.785511126518628, 25.007038234386538 ] } },
{ "type": "Feature", "properties": { "latitude": 25.523285375656283, "longitude": 91.629267684900327, "zone": "East_Khasi_Hills", "landslide_id": 61, "source": "GSI_Bhukosh_validated" }, "geometry": { "type": "Point", "coordinates": [ 91.629267684900327, 25.523285375656283 ] } },
{ "type": "Feature", "properties": { "latitude": 25.413057060235726, "longitude": 91.655868634317528, "zone": "East_Khasi_Hills", "landslide_id": 62, "source": "GSI_Bhukosh_validated" }, "geometry": { "type": "Point", "coordinates": [ 91.655868634317528, 25.413057060235726 ] } },
{ "type": "Feature", "properties": { "latitude": 25.355148897430119, "longitude": 91.907212741999217, "zone": "East_Khasi_Hills", "landslide_id": 63, "source": "GSI_Bhukosh_validated" }, "geometry": { "type": "Point", "coordinates": [ 91.907212741999217, 25.355148897430119 ] } },
{ "type": "Feature", "properties": { "latitude": 25.413764116480323, "longitude": 91.938958375258224, "zone": "East_Khasi_Hills", "landslide_id": 64, "source": "GSI_Bhukosh_validated" }, "geometry": { "type": "Point", "coordinates": [ 91.938958375258224, 25.413764116480323 ] } },
{ "type": "Feature", "properties": { "latitude": 25.101864662809863, "longitude": 91.764352506234346, "zone": "East_Khasi_Hills", "landslide_id": 65, "source": "GSI_Bhukosh_validated" }, "geometry": { "type": "Point", "coordinates": [ 91.764352506234346, 25.101864662809863 ] } },
{ "type": "Feature", "properties": { "latitude": 25.367049216824373, "longitude": 91.995788868816618, "zone": "East_Khasi_Hills", "landslide_id": 66, "source": "GSI_Bhukosh_validated" }, "geometry": { "type": "Point", "coordinates": [ 91.995788868816618, 25.367049216824373 ] } },
{ "type": "Feature", "properties": { "latitude": 25.453566885726762, "longitude": 91.650771990659663, "zone": "East_Khasi_Hills", "landslide_id": 67, "source": "GSI_Bhukosh_validated" }, "geometry": { "type": "Point", "coordinates": [ 91.650771990659663, 25.453566885726762 ] } },
{ "type": "Feature", "properties": { "latitude": 25.621684106711225, "longitude": 91.890088030202904, "zone": "East_Khasi_Hills", "landslide_id": 68, "source": "GSI_Bhukosh_validated" }, "geometry": { "type": "Point", "coordinates": [ 91.890088030202904, 25.621684106711225 ] } },
{ "type": "Feature", "properties": { "latitude": 25.322259467258952, "longitude": 91.718347570035633, "zone": "East_Khasi_Hills", "landslide_id": 69, "source": "GSI_Bhukosh_validated" }, "geometry": { "type": "Point", "coordinates": [ 91.718347570035633, 25.322259467258952 ] } },
{ "type": "Feature", "properties": { "latitude": 25.278725959566021, "longitude": 91.802224583829684, "zone": "East_Khasi_Hills", "landslide_id": 70, "source": "GSI_Bhukosh_validated" }, "geometry": { "type": "Point", "coordinates": [ 91.802224583829684, 25.278725959566021 ] } },
{ "type": "Feature", "properties": { "latitude": 25.324736443462317, "longitude": 91.907109800697469, "zone": "East_Khasi_Hills", "landslide_id": 71, "source": "GSI_Bhukosh_validated" }, "geometry": { "type": "Point", "coordinates": [ 91.907109800697469, 25.324736443462317 ] } },
{ "type": "Feature", "properties": { "latitude": 25.537310317655308, "longitude": 91.770937995207419, "zone": "East_Khasi_Hills", "landslide_id": 72, "source": "GSI_Bhukosh_validated" }, "geometry": { "type": "Point", "coordinates": [ 91.770937995207419, 25.537310317655308 ] } },
{ "type": "Feature", "properties": { "latitude": 25.44931266644895, "longitude": 91.842316668365527, "zone": "East_Khasi_Hills", "landslide_id": 73, "source": "GSI_Bhukosh_validated" }, "geometry": { "type": "Point", "coordinates": [ 91.842316668365527, 25.44931266644895 ] } },
{ "type": "Feature", "properties": { "latitude": 25.476990114967002, "longitude": 91.813466219571538, "zone": "East_Khasi_Hills", "landslide_id": 74, "source": "GSI_Bhukosh_validated" }, "geometry": { "type": "Point", "coordinates": [ 91.813466219571538, 25.476990114967002 ] } },
{ "type": "Feature", "properties": { "latitude": 25.545296748579933, "longitude": 91.730543971801367, "zone": "East_Khasi_Hills", "landslide_id": 75, "source": "GSI_Bhukosh_validated" }, "geometry": { "type": "Point", "coordinates": [ 91.730543971801367, 25.545296748579933 ] } },
{ "type": "Feature", "properties": { "latitude": 25.294692035918395, "longitude": 91.979470626687302, "zone": "East_Khasi_Hills", "landslide_id": 76, "source": "GSI_Bhukosh_validated" }, "geometry": { "type": "Point", "coordinates": [ 91.979470626687302, 25.294692035918395 ] } },
{ "type": "Feature", "properties": { "latitude": 25.341183777030174, "longitude": 91.529253324980914, "zone": "East_Khasi_Hills", "landslide_id": 77, "source": "GSI_Bhukosh_validated" }, "geometry": { "type": "Point", "coordinates": [ 91.529253324980914, 25.341183777030174 ] } },
{ "type": "Feature", "properties": { "latitude": 25.18047275778018, "longitude": 91.78046571167944, "zone": "East_Khasi_Hills", "landslide_id": 78, "source": "GSI_Bhukosh_validated" }, "geometry": { "type": "Point", "coordinates": [ 91.78046571167944, 25.18047275778018 ] } },
{ "type": "Feature", "properties": { "latitude": 25.444418041559686, "longitude": 91.986560819077084, "zone": "East_Khasi_Hills", "landslide_id": 79, "source": "GSI_Bhukosh_validated" }, "geometry": { "type": "Point", "coordinates": [ 91.986560819077084, 25.444418041559686 ] } },
{ "type": "Feature", "properties": { "latitude": 25.439158290826981, "longitude": 91.869543192093559, "zone": "East_Khasi_Hills", "landslide_id": 80, "source": "GSI_Bhukosh_validated" }, "geometry": { "type": "Point", "coordinates": [ 91.869543192093559, 25.439158290826981 ] } },
{ "type": "Feature", "properties": { "latitude": 25.400767018496367, "longitude": 91.955671881005699, "zone": "East_Khasi_Hills", "landslide_id": 81, "source": "GSI_Bhukosh_validated" }, "geometry": { "type": "Point", "coordinates": [ 91.955671881005699, 25.400767018496367 ] } },
{ "type": "Feature", "properties": { "latitude": 25.364811929993728, "longitude": 91.809402221992627, "zone": "East_Khasi_Hills", "landslide_id": 82, "source": "GSI_Bhukosh_validated" }, "geometry": { "type": "Point", "coordinates": [ 91.809402221992627, 25.364811929993728 ] } },
{ "type": "Feature", "properties": { "latitude": 25.187694388692435, "longitude": 91.912988468120943, "zone": "East_Khasi_Hills", "landslide_id": 83, "source": "GSI_Bhukosh_validated" }, "geometry": { "type": "Point", "coordinates": [ 91.912988468120943, 25.187694388692435 ] } },
{ "type": "Feature", "properties": { "latitude": 25.336903201585194, "longitude": 91.876648414691189, "zone": "East_Khasi_Hills", "landslide_id": 84, "source": "GSI_Bhukosh_validated" }, "geometry": { "type": "Point", "coordinates": [ 91.876648414691189, 25.336903201585194 ] } },
{ "type": "Feature", "properties": { "latitude": 25.279658409616754, "longitude": 91.938163126495184, "zone": "East_Khasi_Hills", "landslide_id": 85, "source": "GSI_Bhukosh_validated" }, "geometry": { "type": "Point", "coordinates": [ 91.938163126495184, 25.279658409616754 ] } },
{ "type": "Feature", "properties": { "latitude": 25.375807143250096, "longitude": 91.950640399311283, "zone": "East_Khasi_Hills", "landslide_id": 86, "source": "GSI_Bhukosh_validated" }, "geometry": { "type": "Point", "coordinates": [ 91.950640399311283, 25.375807143250096 ] } },
{ "type": "Feature", "properties": { "latitude": 25.46060762852218, "longitude": 91.838218455081631, "zone": "East_Khasi_Hills", "landslide_id": 87, "source": "GSI_Bhukosh_validated" }, "geometry": { "type": "Point", "coordinates": [ 91.838218455081631, 25.46060762852218 ] } },
{ "type": "Feature", "properties": { "latitude": 25.682927885181577, "longitude": 91.826859066389133, "zone": "East_Khasi_Hills", "landslide_id": 88, "source": "GSI_Bhukosh_validated" }, "geometry": { "type": "Point", "coordinates": [ 91.826859066389133, 25.682927885181577 ] } },
{ "type": "Feature", "properties": { "latitude": 25.426186671924775, "longitude": 91.835116271827061, "zone": "East_Khasi_Hills", "landslide_id": 89, "source": "GSI_Bhukosh_validated" }, "geometry": { "type": "Point", "coordinates": [ 91.835116271827061, 25.426186671924775 ] } },
{ "type": "Feature", "properties": { "latitude": 25.438632558608415, "longitude": 91.959167821356743, "zone": "East_Khasi_Hills", "landslide_id": 90, "source": "GSI_Bhukosh_validated" }, "geometry": { "type": "Point", "coordinates": [ 91.959167821356743, 25.438632558608415 ] } },
{ "type": "Feature", "properties": { "latitude": 25.388833112635073, "longitude": 91.836852327876969, "zone": "East_Khasi_Hills", "landslide_id": 91, "source": "GSI_Bhukosh_validated" }, "geometry": { "type": "Point", "coordinates": [ 91.836852327876969, 25.388833112635073 ] } },
{ "type": "Feature", "properties": { "latitude": 25.112184317705143, "longitude": 91.943466228534461, "zone": "East_Khasi_Hills", "landslide_id": 92, "source": "GSI_Bhukosh_validated" }, "geometry": { "type": "Point", "coordinates": [ 91.943466228534461, 25.112184317705143 ] } },
{ "type": "Feature", "properties": { "latitude": 25.76948631687279, "longitude": 91.851096470174824, "zone": "East_Khasi_Hills", "landslide_id": 93, "source": "GSI_Bhukosh_validated" }, "geometry": { "type": "Point", "coordinates": [ 91.851096470174824, 25.76948631687279 ] } },
{ "type": "Feature", "properties": { "latitude": 25.44523210135004, "longitude": 91.838788694046769, "zone": "East_Khasi_Hills", "landslide_id": 94, "source": "GSI_Bhukosh_validated" }, "geometry": { "type": "Point", "coordinates": [ 91.838788694046769, 25.44523210135004 ] } },
{ "type": "Feature", "properties": { "latitude": 25.394793234544213, "longitude": 91.594281319723322, "zone": "East_Khasi_Hills", "landslide_id": 95, "source": "GSI_Bhukosh_validated" }, "geometry": { "type": "Point", "coordinates": [ 91.594281319723322, 25.394793234544213 ] } },
{ "type": "Feature", "properties": { "latitude": 25.224698294357069, "longitude": 91.748787053362392, "zone": "East_Khasi_Hills", "landslide_id": 96, "source": "GSI_Bhukosh_validated" }, "geometry": { "type": "Point", "coordinates": [ 91.748787053362392, 25.224698294357069 ] } },
{ "type": "Feature", "properties": { "latitude": 25.571423422177251, "longitude": 91.619381211846132, "zone": "East_Khasi_Hills", "landslide_id": 97, "source": "GSI_Bhukosh_validated" }, "geometry": { "type": "Point", "coordinates": [ 91.619381211846132, 25.571423422177251 ] } },
{ "type": "Feature", "properties": { "latitude": 25.512789954903013, "longitude": 91.847272977393814, "zone": "East_Khasi_Hills", "landslide_id": 98, "source": "GSI_Bhukosh_validated" }, "geometry": { "type": "Point", "coordinates": [ 91.847272977393814, 25.512789954903013 ] } },
{ "type": "Feature", "properties": { "latitude": 25.518654792056456, "longitude": 91.902762756878445, "zone": "East_Khasi_Hills", "landslide_id": 99, "source": "GSI_Bhukosh_validated" }, "geometry": { "type": "Point", "coordinates": [ 91.902762756878445, 25.518654792056456 ] } },
{ "type": "Feature", "properties": { "latitude": 25.610419146640414, "longitude": 91.949039106064632, "zone": "East_Khasi_Hills", "landslide_id": 100, "source": "GSI_Bhukosh_validated" }, "geometry": { "type": "Point", "coordinates": [ 91.949039106064632, 25.610419146640414 ] } },
{ "type": "Feature", "properties": { "latitude": 25.189722340581156, "longitude": 91.86713492067868, "zone": "East_Khasi_Hills", "landslide_id": 101, "source": "GSI_Bhukosh_validated" }, "geometry": { "type": "Point", "coordinates": [ 91.86713492067868, 25.189722340581156 ] } },
{ "type": "Feature", "properties": { "latitude": 25.728568343871494, "longitude": 91.568329703648828, "zone": "East_Khasi_Hills", "landslide_id": 102, "source": "GSI_Bhukosh_validated" }, "geometry": { "type": "Point", "coordinates": [ 91.568329703648828, 25.728568343871494 ] } },
{ "type": "Feature", "properties": { "latitude": 25.251419551230395, "longitude": 91.935342183716287, "zone": "East_Khasi_Hills", "landslide_id": 103, "source": "GSI_Bhukosh_validated" }, "geometry": { "type": "Point", "coordinates": [ 91.935342183716287, 25.251419551230395 ] } },
{ "type": "Feature", "properties": { "latitude": 25.414947704763144, "longitude": 91.678212063133032, "zone": "East_Khasi_Hills", "landslide_id": 104, "source": "GSI_Bhukosh_validated" }, "geometry": { "type": "Point", "coordinates": [ 91.678212063133032, 25.414947704763144 ] } },
{ "type": "Feature", "properties": { "latitude": 25.167400485340078, "longitude": 91.950774461124169, "zone": "East_Khasi_Hills", "landslide_id": 105, "source": "GSI_Bhukosh_validated" }, "geometry": { "type": "Point", "coordinates": [ 91.950774461124169, 25.167400485340078 ] } },
{ "type": "Feature", "properties": { "latitude": 25.410284446220903, "longitude": 91.837706812914888, "zone": "East_Khasi_Hills", "landslide_id": 106, "source": "GSI_Bhukosh_validated" }, "geometry": { "type": "Point", "coordinates": [ 91.837706812914888, 25.410284446220903 ] } },
{ "type": "Feature", "properties": { "latitude": 25.240654442941082, "longitude": 91.994917279915953, "zone": "East_Khasi_Hills", "landslide_id": 107, "source": "GSI_Bhukosh_validated" }, "geometry": { "type": "Point", "coordinates": [ 91.994917279915953, 25.240654442941082 ] } },
{ "type": "Feature", "properties": { "latitude": 25.262086364864928, "longitude": 91.927279938258778, "zone": "East_Khasi_Hills", "landslide_id": 108, "source": "GSI_Bhukosh_validated" }, "geometry": { "type": "Point", "coordinates": [ 91.927279938258778, 25.262086364864928 ] } },
{ "type": "Feature", "properties": { "latitude": 25.632490160752628, "longitude": 91.93723308794506, "zone": "East_Khasi_Hills", "landslide_id": 109, "source": "GSI_Bhukosh_validated" }, "geometry": { "type": "Point", "coordinates": [ 91.93723308794506, 25.632490160752628 ] } },
{ "type": "Feature", "properties": { "latitude": 25.282512006149563, "longitude": 91.831095865068974, "zone": "East_Khasi_Hills", "landslide_id": 110, "source": "GSI_Bhukosh_validated" }, "geometry": { "type": "Point", "coordinates": [ 91.831095865068974, 25.282512006149563 ] } },
{ "type": "Feature", "properties": { "latitude": 25.351690772569146, "longitude": 91.772523344580293, "zone": "East_Khasi_Hills", "landslide_id": 111, "source": "GSI_Bhukosh_validated" }, "geometry": { "type": "Point", "coordinates": [ 91.772523344580293, 25.351690772569146 ] } },
{ "type": "Feature", "properties": { "latitude": 25.215370352534904, "longitude": 91.771587426113669, "zone": "East_Khasi_Hills", "landslide_id": 112, "source": "GSI_Bhukosh_validated" }, "geometry": { "type": "Point", "coordinates": [ 91.771587426113669, 25.215370352534904 ] } },
{ "type": "Feature", "properties": { "latitude": 25.434118990190619, "longitude": 91.910734935582909, "zone": "East_Khasi_Hills", "landslide_id": 113, "source": "GSI_Bhukosh_validated" }, "geometry": { "type": "Point", "coordinates": [ 91.910734935582909, 25.434118990190619 ] } },
{ "type": "Feature", "properties": { "latitude": 25.596071413142361, "longitude": 91.828351382985232, "zone": "East_Khasi_Hills", "landslide_id": 114, "source": "GSI_Bhukosh_validated" }, "geometry": { "type": "Point", "coordinates": [ 91.828351382985232, 25.596071413142361 ] } },
{ "type": "Feature", "properties": { "latitude": 25.158877514815813, "longitude": 91.971846973861958, "zone": "East_Khasi_Hills", "landslide_id": 115, "source": "GSI_Bhukosh_validated" }, "geometry": { "type": "Point", "coordinates": [ 91.971846973861958, 25.158877514815813 ] } },
{ "type": "Feature", "properties": { "latitude": 25.427695078779845, "longitude": 91.950049315793052, "zone": "East_Khasi_Hills", "landslide_id": 116, "source": "GSI_Bhukosh_validated" }, "geometry": { "type": "Point", "coordinates": [ 91.950049315793052, 25.427695078779845 ] } },
{ "type": "Feature", "properties": { "latitude": 25.517273430766593, "longitude": 91.8234975401718, "zone": "East_Khasi_Hills", "landslide_id": 117, "source": "GSI_Bhukosh_validated" }, "geometry": { "type": "Point", "coordinates": [ 91.8234975401718, 25.517273430766593 ] } },
{ "type": "Feature", "properties": { "latitude": 25.214457393368285, "longitude": 91.859518759706006, "zone": "East_Khasi_Hills", "landslide_id": 118, "source": "GSI_Bhukosh_validated" }, "geometry": { "type": "Point", "coordinates": [ 91.859518759706006, 25.214457393368285 ] } },
{ "type": "Feature", "properties": { "latitude": 25.201931508037358, "longitude": 91.753185442632656, "zone": "East_Khasi_Hills", "landslide_id": 119, "source": "GSI_Bhukosh_validated" }, "geometry": { "type": "Point", "coordinates": [ 91.753185442632656, 25.201931508037358 ] } },
{ "type": "Feature", "properties": { "latitude": 25.478291234842533, "longitude": 91.833356010988595, "zone": "East_Khasi_Hills", "landslide_id": 120, "source": "GSI_Bhukosh_validated" }, "geometry": { "type": "Point", "coordinates": [ 91.833356010988595, 25.478291234842533 ] } },
{ "type": "Feature", "properties": { "latitude": 25.444547700984977, "longitude": 91.956595073956734, "zone": "East_Khasi_Hills", "landslide_id": 121, "source": "GSI_Bhukosh_validated" }, "geometry": { "type": "Point", "coordinates": [ 91.956595073956734, 25.444547700984977 ] } },
{ "type": "Feature", "properties": { "latitude": 25.451967231424543, "longitude": 91.761675201373365, "zone": "East_Khasi_Hills", "landslide_id": 122, "source": "GSI_Bhukosh_validated" }, "geometry": { "type": "Point", "coordinates": [ 91.761675201373365, 25.451967231424543 ] } },
{ "type": "Feature", "properties": { "latitude": 25.4439608709948, "longitude": 91.962015235483562, "zone": "East_Khasi_Hills", "landslide_id": 123, "source": "GSI_Bhukosh_validated" }, "geometry": { "type": "Point", "coordinates": [ 91.962015235483562, 25.4439608709948 ] } },
{ "type": "Feature", "properties": { "latitude": 25.679866176671712, "longitude": 91.783931620134467, "zone": "East_Khasi_Hills", "landslide_id": 124, "source": "GSI_Bhukosh_validated" }, "geometry": { "type": "Point", "coordinates": [ 91.783931620134467, 25.679866176671712 ] } },
{ "type": "Feature", "properties": { "latitude": 25.471074938136766, "longitude": 91.713301794503295, "zone": "East_Khasi_Hills", "landslide_id": 125, "source": "GSI_Bhukosh_validated" }, "geometry": { "type": "Point", "coordinates": [ 91.713301794503295, 25.471074938136766 ] } },
{ "type": "Feature", "properties": { "latitude": 25.221304475419601, "longitude": 91.63319196266437, "zone": "East_Khasi_Hills", "landslide_id": 126, "source": "GSI_Bhukosh_validated" }, "geometry": { "type": "Point", "coordinates": [ 91.63319196266437, 25.221304475419601 ] } },
{ "type": "Feature", "properties": { "latitude": 25.2537977494659, "longitude": 91.998154848453112, "zone": "East_Khasi_Hills", "landslide_id": 127, "source": "GSI_Bhukosh_validated" }, "geometry": { "type": "Point", "coordinates": [ 91.998154848453112, 25.2537977494659 ] } },
{ "type": "Feature", "properties": { "latitude": 25.518062690561365, "longitude": 91.891662299363432, "zone": "East_Khasi_Hills", "landslide_id": 128, "source": "GSI_Bhukosh_validated" }, "geometry": { "type": "Point", "coordinates": [ 91.891662299363432, 25.518062690561365 ] } },
{ "type": "Feature", "properties": { "latitude": 25.57378933685111, "longitude": 91.941995293947983, "zone": "East_Khasi_Hills", "landslide_id": 129, "source": "GSI_Bhukosh_validated" }, "geometry": { "type": "Point", "coordinates": [ 91.941995293947983, 25.57378933685111 ] } },
{ "type": "Feature", "properties": { "latitude": 25.276897652247243, "longitude": 91.731176642905254, "zone": "East_Khasi_Hills", "landslide_id": 130, "source": "GSI_Bhukosh_validated" }, "geometry": { "type": "Point", "coordinates": [ 91.731176642905254, 25.276897652247243 ] } },
{ "type": "Feature", "properties": { "latitude": 25.461917139040473, "longitude": 91.919383177296297, "zone": "East_Khasi_Hills", "landslide_id": 131, "source": "GSI_Bhukosh_validated" }, "geometry": { "type": "Point", "coordinates": [ 91.919383177296297, 25.461917139040473 ] } },
{ "type": "Feature", "properties": { "latitude": 25.523309023999172, "longitude": 91.91640921919074, "zone": "East_Khasi_Hills", "landslide_id": 132, "source": "GSI_Bhukosh_validated" }, "geometry": { "type": "Point", "coordinates": [ 91.91640921919074, 25.523309023999172 ] } },
{ "type": "Feature", "properties": { "latitude": 25.363191782599568, "longitude": 91.972151384760508, "zone": "East_Khasi_Hills", "landslide_id": 133, "source": "GSI_Bhukosh_validated" }, "geometry": { "type": "Point", "coordinates": [ 91.972151384760508, 25.363191782599568 ] } },
{ "type": "Feature", "properties": { "latitude": 25.286939575346373, "longitude": 91.933582603641881, "zone": "East_Khasi_Hills", "landslide_id": 134, "source": "GSI_Bhukosh_validated" }, "geometry": { "type": "Point", "coordinates": [ 91.933582603641881, 25.286939575346373 ] } },
{ "type": "Feature", "properties": { "latitude": 25.266572835556172, "longitude": 91.781428831683215, "zone": "East_Khasi_Hills", "landslide_id": 135, "source": "GSI_Bhukosh_validated" }, "geometry": { "type": "Point", "coordinates": [ 91.781428831683215, 25.266572835556172 ] } },
{ "type": "Feature", "properties": { "latitude": 25.277628457255183, "longitude": 91.970720253570406, "zone": "East_Khasi_Hills", "landslide_id": 136, "source": "GSI_Bhukosh_validated" }, "geometry": { "type": "Point", "coordinates": [ 91.970720253570406, 25.277628457255183 ] } },
{ "type": "Feature", "properties": { "latitude": 25.524077487355402, "longitude": 91.823317648535323, "zone": "East_Khasi_Hills", "landslide_id": 137, "source": "GSI_Bhukosh_validated" }, "geometry": { "type": "Point", "coordinates": [ 91.823317648535323, 25.524077487355402 ] } },
{ "type": "Feature", "properties": { "latitude": 25.401950283781684, "longitude": 91.751559276961217, "zone": "East_Khasi_Hills", "landslide_id": 138, "source": "GSI_Bhukosh_validated" }, "geometry": { "type": "Point", "coordinates": [ 91.751559276961217, 25.401950283781684 ] } },
{ "type": "Feature", "properties": { "latitude": 25.618030111573596, "longitude": 91.881131961985062, "zone": "East_Khasi_Hills", "landslide_id": 139, "source": "GSI_Bhukosh_validated" }, "geometry": { "type": "Point", "coordinates": [ 91.881131961985062, 25.618030111573596 ] } },
{ "type": "Feature", "properties": { "latitude": 25.360301475014307, "longitude": 91.908358736843311, "zone": "East_Khasi_Hills", "landslide_id": 140, "source": "GSI_Bhukosh_validated" }, "geometry": { "type": "Point", "coordinates": [ 91.908358736843311, 25.360301475014307 ] } },
{ "type": "Feature", "properties": { "latitude": 25.49385010216475, "longitude": 91.646130305542783, "zone": "East_Khasi_Hills", "landslide_id": 141, "source": "GSI_Bhukosh_validated" }, "geometry": { "type": "Point", "coordinates": [ 91.646130305542783, 25.49385010216475 ] } },
{ "type": "Feature", "properties": { "latitude": 25.239366125290832, "longitude": 91.876298815213161, "zone": "East_Khasi_Hills", "landslide_id": 142, "source": "GSI_Bhukosh_validated" }, "geometry": { "type": "Point", "coordinates": [ 91.876298815213161, 25.239366125290832 ] } },
{ "type": "Feature", "properties": { "latitude": 25.472370862286475, "longitude": 91.835967839507887, "zone": "East_Khasi_Hills", "landslide_id": 143, "source": "GSI_Bhukosh_validated" }, "geometry": { "type": "Point", "coordinates": [ 91.835967839507887, 25.472370862286475 ] } },
{ "type": "Feature", "properties": { "latitude": 25.36648058220112, "longitude": 91.748184343710975, "zone": "East_Khasi_Hills", "landslide_id": 144, "source": "GSI_Bhukosh_validated" }, "geometry": { "type": "Point", "coordinates": [ 91.748184343710975, 25.36648058220112 ] } },
{ "type": "Feature", "properties": { "latitude": 25.507100074113811, "longitude": 91.651771499220146, "zone": "East_Khasi_Hills", "landslide_id": 145, "source": "GSI_Bhukosh_validated" }, "geometry": { "type": "Point", "coordinates": [ 91.651771499220146, 25.507100074113811 ] } },
{ "type": "Feature", "properties": { "latitude": 25.389075663101469, "longitude": 91.910997695078265, "zone": "East_Khasi_Hills", "landslide_id": 146, "source": "GSI_Bhukosh_validated" }, "geometry": { "type": "Point", "coordinates": [ 91.910997695078265, 25.389075663101469 ] } },
{ "type": "Feature", "properties": { "latitude": 25.272980942289738, "longitude": 91.706505865038849, "zone": "East_Khasi_Hills", "landslide_id": 147, "source": "GSI_Bhukosh_validated" }, "geometry": { "type": "Point", "coordinates": [ 91.706505865038849, 25.272980942289738 ] } },
{ "type": "Feature", "properties": { "latitude": 25.17277291629712, "longitude": 91.705738184190466, "zone": "East_Khasi_Hills", "landslide_id": 148, "source": "GSI_Bhukosh_validated" }, "geometry": { "type": "Point", "coordinates": [ 91.705738184190466, 25.17277291629712 ] } },
{ "type": "Feature", "properties": { "latitude": 25.333022757189944, "longitude": 91.849632295106488, "zone": "East_Khasi_Hills", "landslide_id": 149, "source": "GSI_Bhukosh_validated" }, "geometry": { "type": "Point", "coordinates": [ 91.849632295106488, 25.333022757189944 ] } },
{ "type": "Feature", "properties": { "latitude": 25.432114061619529, "longitude": 91.861061297295464, "zone": "East_Khasi_Hills", "landslide_id": 150, "source": "GSI_Bhukosh_validated" }, "geometry": { "type": "Point", "coordinates": [ 91.861061297295464, 25.432114061619529 ] } },
{ "type": "Feature", "properties": { "latitude": 25.213139183193199, "longitude": 91.674528557032289, "zone": "East_Khasi_Hills", "landslide_id": 151, "source": "GSI_Bhukosh_validated" }, "geometry": { "type": "Point", "coordinates": [ 91.674528557032289, 25.213139183193199 ] } },
{ "type": "Feature", "properties": { "latitude": 25.425977138877677, "longitude": 91.863138540387112, "zone": "East_Khasi_Hills", "landslide_id": 152, "source": "GSI_Bhukosh_validated" }, "geometry": { "type": "Point", "coordinates": [ 91.863138540387112, 25.425977138877677 ] } },
{ "type": "Feature", "properties": { "latitude": 25.457797606959325, "longitude": 91.859091464537855, "zone": "East_Khasi_Hills", "landslide_id": 153, "source": "GSI_Bhukosh_validated" }, "geometry": { "type": "Point", "coordinates": [ 91.859091464537855, 25.457797606959325 ] } },
{ "type": "Feature", "properties": { "latitude": 25.267421384569829, "longitude": 91.495467003558772, "zone": "East_Khasi_Hills", "landslide_id": 154, "source": "GSI_Bhukosh_validated" }, "geometry": { "type": "Point", "coordinates": [ 91.495467003558772, 25.267421384569829 ] } },
{ "type": "Feature", "properties": { "latitude": 25.423058765891827, "longitude": 91.891855770022332, "zone": "East_Khasi_Hills", "landslide_id": 155, "source": "GSI_Bhukosh_validated" }, "geometry": { "type": "Point", "coordinates": [ 91.891855770022332, 25.423058765891827 ] } },
{ "type": "Feature", "properties": { "latitude": 25.408731307766899, "longitude": 91.865359820468697, "zone": "East_Khasi_Hills", "landslide_id": 156, "source": "GSI_Bhukosh_validated" }, "geometry": { "type": "Point", "coordinates": [ 91.865359820468697, 25.408731307766899 ] } },
{ "type": "Feature", "properties": { "latitude": 25.562457686476289, "longitude": 91.859666696416781, "zone": "East_Khasi_Hills", "landslide_id": 157, "source": "GSI_Bhukosh_validated" }, "geometry": { "type": "Point", "coordinates": [ 91.859666696416781, 25.562457686476289 ] } },
{ "type": "Feature", "properties": { "latitude": 25.558070307805234, "longitude": 91.734021113688755, "zone": "East_Khasi_Hills", "landslide_id": 158, "source": "GSI_Bhukosh_validated" }, "geometry": { "type": "Point", "coordinates": [ 91.734021113688755, 25.558070307805234 ] } },
{ "type": "Feature", "properties": { "latitude": 25.25932624401273, "longitude": 91.908882765102177, "zone": "East_Khasi_Hills", "landslide_id": 159, "source": "GSI_Bhukosh_validated" }, "geometry": { "type": "Point", "coordinates": [ 91.908882765102177, 25.25932624401273 ] } },
{ "type": "Feature", "properties": { "latitude": 25.477255290081299, "longitude": 91.902089393786952, "zone": "East_Khasi_Hills", "landslide_id": 160, "source": "GSI_Bhukosh_validated" }, "geometry": { "type": "Point", "coordinates": [ 91.902089393786952, 25.477255290081299 ] } },
{ "type": "Feature", "properties": { "latitude": 25.477067892636828, "longitude": 91.896381236933507, "zone": "East_Khasi_Hills", "landslide_id": 161, "source": "GSI_Bhukosh_validated" }, "geometry": { "type": "Point", "coordinates": [ 91.896381236933507, 25.477067892636828 ] } },
{ "type": "Feature", "properties": { "latitude": 25.477257152945906, "longitude": 91.929712714115183, "zone": "East_Khasi_Hills", "landslide_id": 162, "source": "GSI_Bhukosh_validated" }, "geometry": { "type": "Point", "coordinates": [ 91.929712714115183, 25.477257152945906 ] } },
{ "type": "Feature", "properties": { "latitude": 25.977909723598206, "longitude": 91.87834593821141, "zone": "East_Khasi_Hills", "landslide_id": 163, "source": "GSI_Bhukosh_validated" }, "geometry": { "type": "Point", "coordinates": [ 91.87834593821141, 25.977909723598206 ] } },
{ "type": "Feature", "properties": { "latitude": 25.485633576603973, "longitude": 91.813950698967972, "zone": "East_Khasi_Hills", "landslide_id": 164, "source": "GSI_Bhukosh_validated" }, "geometry": { "type": "Point", "coordinates": [ 91.813950698967972, 25.485633576603973 ] } },
{ "type": "Feature", "properties": { "latitude": 25.570334846027087, "longitude": 91.817971158813947, "zone": "East_Khasi_Hills", "landslide_id": 165, "source": "GSI_Bhukosh_validated" }, "geometry": { "type": "Point", "coordinates": [ 91.817971158813947, 25.570334846027087 ] } },
{ "type": "Feature", "properties": { "latitude": 25.543100264523979, "longitude": 91.895087009467602, "zone": "East_Khasi_Hills", "landslide_id": 166, "source": "GSI_Bhukosh_validated" }, "geometry": { "type": "Point", "coordinates": [ 91.895087009467602, 25.543100264523979 ] } },
{ "type": "Feature", "properties": { "latitude": 25.497708687695869, "longitude": 91.818486284329936, "zone": "East_Khasi_Hills", "landslide_id": 167, "source": "GSI_Bhukosh_validated" }, "geometry": { "type": "Point", "coordinates": [ 91.818486284329936, 25.497708687695869 ] } },
{ "type": "Feature", "properties": { "latitude": 25.352709613303947, "longitude": 91.793073132598437, "zone": "East_Khasi_Hills", "landslide_id": 168, "source": "GSI_Bhukosh_validated" }, "geometry": { "type": "Point", "coordinates": [ 91.793073132598437, 25.352709613303947 ] } },
{ "type": "Feature", "properties": { "latitude": 25.513845383073988, "longitude": 91.915964534153787, "zone": "East_Khasi_Hills", "landslide_id": 169, "source": "GSI_Bhukosh_validated" }, "geometry": { "type": "Point", "coordinates": [ 91.915964534153787, 25.513845383073988 ] } },
{ "type": "Feature", "properties": { "latitude": 25.284076217819361, "longitude": 91.861753417386879, "zone": "East_Khasi_Hills", "landslide_id": 170, "source": "GSI_Bhukosh_validated" }, "geometry": { "type": "Point", "coordinates": [ 91.861753417386879, 25.284076217819361 ] } },
{ "type": "Feature", "properties": { "latitude": 25.327195467825632, "longitude": 91.502354528741051, "zone": "East_Khasi_Hills", "landslide_id": 171, "source": "GSI_Bhukosh_validated" }, "geometry": { "type": "Point", "coordinates": [ 91.502354528741051, 25.327195467825632 ] } },
{ "type": "Feature", "properties": { "latitude": 25.119910221111237, "longitude": 91.58899146513879, "zone": "East_Khasi_Hills", "landslide_id": 172, "source": "GSI_Bhukosh_validated" }, "geometry": { "type": "Point", "coordinates": [ 91.58899146513879, 25.119910221111237 ] } },
{ "type": "Feature", "properties": { "latitude": 25.502939028556174, "longitude": 91.848596860887952, "zone": "East_Khasi_Hills", "landslide_id": 173, "source": "GSI_Bhukosh_validated" }, "geometry": { "type": "Point", "coordinates": [ 91.848596860887952, 25.502939028556174 ] } },
{ "type": "Feature", "properties": { "latitude": 25.15809261932155, "longitude": 91.844283870100639, "zone": "East_Khasi_Hills", "landslide_id": 174, "source": "GSI_Bhukosh_validated" }, "geometry": { "type": "Point", "coordinates": [ 91.844283870100639, 25.15809261932155 ] } },
{ "type": "Feature", "properties": { "latitude": 25.329210220131582, "longitude": 91.688873245792337, "zone": "East_Khasi_Hills", "landslide_id": 175, "source": "GSI_Bhukosh_validated" }, "geometry": { "type": "Point", "coordinates": [ 91.688873245792337, 25.329210220131582 ] } },
{ "type": "Feature", "properties": { "latitude": 25.563342589545105, "longitude": 91.783327496861375, "zone": "East_Khasi_Hills", "landslide_id": 176, "source": "GSI_Bhukosh_validated" }, "geometry": { "type": "Point", "coordinates": [ 91.783327496861375, 25.563342589545105 ] } },
{ "type": "Feature", "properties": { "latitude": 25.409642002864317, "longitude": 91.733413623180127, "zone": "East_Khasi_Hills", "landslide_id": 177, "source": "GSI_Bhukosh_validated" }, "geometry": { "type": "Point", "coordinates": [ 91.733413623180127, 25.409642002864317 ] } },
{ "type": "Feature", "properties": { "latitude": 25.432468788437294, "longitude": 91.730642234317415, "zone": "East_Khasi_Hills", "landslide_id": 178, "source": "GSI_Bhukosh_validated" }, "geometry": { "type": "Point", "coordinates": [ 91.730642234317415, 25.432468788437294 ] } },
{ "type": "Feature", "properties": { "latitude": 25.40683577598557, "longitude": 91.821321960058043, "zone": "East_Khasi_Hills", "landslide_id": 179, "source": "GSI_Bhukosh_validated" }, "geometry": { "type": "Point", "coordinates": [ 91.821321960058043, 25.40683577598557 ] } },
{ "type": "Feature", "properties": { "latitude": 25.302259947859127, "longitude": 91.973406184184199, "zone": "East_Khasi_Hills", "landslide_id": 180, "source": "GSI_Bhukosh_validated" }, "geometry": { "type": "Point", "coordinates": [ 91.973406184184199, 25.302259947859127 ] } },
{ "type": "Feature", "properties": { "latitude": 25.721591613398797, "longitude": 91.716680828666213, "zone": "East_Khasi_Hills", "landslide_id": 181, "source": "GSI_Bhukosh_validated" }, "geometry": { "type": "Point", "coordinates": [ 91.716680828666213, 25.721591613398797 ] } },
{ "type": "Feature", "properties": { "latitude": 25.096228612001358, "longitude": 91.863951190276282, "zone": "East_Khasi_Hills", "landslide_id": 182, "source": "GSI_Bhukosh_validated" }, "geometry": { "type": "Point", "coordinates": [ 91.863951190276282, 25.096228612001358 ] } },
{ "type": "Feature", "properties": { "latitude": 25.427968147215413, "longitude": 91.843776878867573, "zone": "East_Khasi_Hills", "landslide_id": 183, "source": "GSI_Bhukosh_validated" }, "geometry": { "type": "Point", "coordinates": [ 91.843776878867573, 25.427968147215413 ] } },
{ "type": "Feature", "properties": { "latitude": 25.527865000219432, "longitude": 91.966639496722905, "zone": "East_Khasi_Hills", "landslide_id": 184, "source": "GSI_Bhukosh_validated" }, "geometry": { "type": "Point", "coordinates": [ 91.966639496722905, 25.527865000219432 ] } },
{ "type": "Feature", "properties": { "latitude": 25.281121889235095, "longitude": 91.845855075127147, "zone": "East_Khasi_Hills", "landslide_id": 185, "source": "GSI_Bhukosh_validated" }, "geometry": { "type": "Point", "coordinates": [ 91.845855075127147, 25.281121889235095 ] } },
{ "type": "Feature", "properties": { "latitude": 25.475748091847066, "longitude": 91.737840500860017, "zone": "East_Khasi_Hills", "landslide_id": 186, "source": "GSI_Bhukosh_validated" }, "geometry": { "type": "Point", "coordinates": [ 91.737840500860017, 25.475748091847066 ] } },
{ "type": "Feature", "properties": { "latitude": 25.529863279125518, "longitude": 91.992390341041641, "zone": "East_Khasi_Hills", "landslide_id": 187, "source": "GSI_Bhukosh_validated" }, "geometry": { "type": "Point", "coordinates": [ 91.992390341041641, 25.529863279125518 ] } },
{ "type": "Feature", "properties": { "latitude": 25.219955538941633, "longitude": 91.988965188695261, "zone": "East_Khasi_Hills", "landslide_id": 188, "source": "GSI_Bhukosh_validated" }, "geometry": { "type": "Point", "coordinates": [ 91.988965188695261, 25.219955538941633 ] } },
{ "type": "Feature", "properties": { "latitude": 25.349824814623858, "longitude": 91.853568034102906, "zone": "East_Khasi_Hills", "landslide_id": 189, "source": "GSI_Bhukosh_validated" }, "geometry": { "type": "Point", "coordinates": [ 91.853568034102906, 25.349824814623858 ] } },
{ "type": "Feature", "properties": { "latitude": 25.328758203325854, "longitude": 91.948919953336329, "zone": "East_Khasi_Hills", "landslide_id": 190, "source": "GSI_Bhukosh_validated" }, "geometry": { "type": "Point", "coordinates": [ 91.948919953336329, 25.328758203325854 ] } },
{ "type": "Feature", "properties": { "latitude": 25.302000615113943, "longitude": 91.71233296354221, "zone": "East_Khasi_Hills", "landslide_id": 191, "source": "GSI_Bhukosh_validated" }, "geometry": { "type": "Point", "coordinates": [ 91.71233296354221, 25.302000615113943 ] } },
{ "type": "Feature", "properties": { "latitude": 25.46074725664414, "longitude": 91.872264679533558, "zone": "East_Khasi_Hills", "landslide_id": 192, "source": "GSI_Bhukosh_validated" }, "geometry": { "type": "Point", "coordinates": [ 91.872264679533558, 25.46074725664414 ] } },
{ "type": "Feature", "properties": { "latitude": 25.210867406849744, "longitude": 91.82159154692215, "zone": "East_Khasi_Hills", "landslide_id": 193, "source": "GSI_Bhukosh_validated" }, "geometry": { "type": "Point", "coordinates": [ 91.82159154692215, 25.210867406849744 ] } },
{ "type": "Feature", "properties": { "latitude": 25.718323429551894, "longitude": 91.794348446418596, "zone": "East_Khasi_Hills", "landslide_id": 194, "source": "GSI_Bhukosh_validated" }, "geometry": { "type": "Point", "coordinates": [ 91.794348446418596, 25.718323429551894 ] } },
{ "type": "Feature", "properties": { "latitude": 25.554869789082669, "longitude": 91.688730805545475, "zone": "East_Khasi_Hills", "landslide_id": 195, "source": "GSI_Bhukosh_validated" }, "geometry": { "type": "Point", "coordinates": [ 91.688730805545475, 25.554869789082669 ] } },
{ "type": "Feature", "properties": { "latitude": 25.172094505106898, "longitude": 91.666505623971418, "zone": "East_Khasi_Hills", "landslide_id": 196, "source": "GSI_Bhukosh_validated" }, "geometry": { "type": "Point", "coordinates": [ 91.666505623971418, 25.172094505106898 ] } },
{ "type": "Feature", "properties": { "latitude": 25.327364889070061, "longitude": 91.990901492701852, "zone": "East_Khasi_Hills", "landslide_id": 197, "source": "GSI_Bhukosh_validated" }, "geometry": { "type": "Point", "coordinates": [ 91.990901492701852, 25.327364889070061 ] } },
{ "type": "Feature", "properties": { "latitude": 25.590036672377991, "longitude": 91.707935597125569, "zone": "East_Khasi_Hills", "landslide_id": 198, "source": "GSI_Bhukosh_validated" }, "geometry": { "type": "Point", "coordinates": [ 91.707935597125569, 25.590036672377991 ] } },
{ "type": "Feature", "properties": { "latitude": 25.466572914221931, "longitude": 91.587710588817444, "zone": "East_Khasi_Hills", "landslide_id": 199, "source": "GSI_Bhukosh_validated" }, "geometry": { "type": "Point", "coordinates": [ 91.587710588817444, 25.466572914221931 ] } },
{ "type": "Feature", "properties": { "latitude": 25.260960429263285, "longitude": 91.931652620080399, "zone": "East_Khasi_Hills", "landslide_id": 200, "source": "GSI_Bhukosh_validated" }, "geometry": { "type": "Point", "coordinates": [ 91.931652620080399, 25.260960429263285 ] } },
{ "type": "Feature", "properties": { "latitude": 25.39107119659073, "longitude": 91.885493033219447, "zone": "East_Khasi_Hills", "landslide_id": 201, "source": "GSI_Bhukosh_validated" }, "geometry": { "type": "Point", "coordinates": [ 91.885493033219447, 25.39107119659073 ] } },
{ "type": "Feature", "properties": { "latitude": 25.246341853799855, "longitude": 91.959870417152814, "zone": "East_Khasi_Hills", "landslide_id": 202, "source": "GSI_Bhukosh_validated" }, "geometry": { "type": "Point", "coordinates": [ 91.959870417152814, 25.246341853799855 ] } },
{ "type": "Feature", "properties": { "latitude": 25.362114777291026, "longitude": 91.894354794636286, "zone": "East_Khasi_Hills", "landslide_id": 203, "source": "GSI_Bhukosh_validated" }, "geometry": { "type": "Point", "coordinates": [ 91.894354794636286, 25.362114777291026 ] } },
{ "type": "Feature", "properties": { "latitude": 25.644861695589743, "longitude": 91.917134147299308, "zone": "East_Khasi_Hills", "landslide_id": 204, "source": "GSI_Bhukosh_validated" }, "geometry": { "type": "Point", "coordinates": [ 91.917134147299308, 25.644861695589743 ] } },
{ "type": "Feature", "properties": { "latitude": 25.185478793305904, "longitude": 91.922545264219281, "zone": "East_Khasi_Hills", "landslide_id": 205, "source": "GSI_Bhukosh_validated" }, "geometry": { "type": "Point", "coordinates": [ 91.922545264219281, 25.185478793305904 ] } },
{ "type": "Feature", "properties": { "latitude": 25.333993326995451, "longitude": 91.845458168167923, "zone": "East_Khasi_Hills", "landslide_id": 206, "source": "GSI_Bhukosh_validated" }, "geometry": { "type": "Point", "coordinates": [ 91.845458168167923, 25.333993326995451 ] } },
{ "type": "Feature", "properties": { "latitude": 25.419611086592912, "longitude": 91.891458156441843, "zone": "East_Khasi_Hills", "landslide_id": 207, "source": "GSI_Bhukosh_validated" }, "geometry": { "type": "Point", "coordinates": [ 91.891458156441843, 25.419611086592912 ] } },
{ "type": "Feature", "properties": { "latitude": 25.616190993359915, "longitude": 91.946170265333819, "zone": "East_Khasi_Hills", "landslide_id": 208, "source": "GSI_Bhukosh_validated" }, "geometry": { "type": "Point", "coordinates": [ 91.946170265333819, 25.616190993359915 ] } },
{ "type": "Feature", "properties": { "latitude": 25.184620677323082, "longitude": 91.643474741101514, "zone": "East_Khasi_Hills", "landslide_id": 209, "source": "GSI_Bhukosh_validated" }, "geometry": { "type": "Point", "coordinates": [ 91.643474741101514, 25.184620677323082 ] } },
{ "type": "Feature", "properties": { "latitude": 25.574474562823241, "longitude": 91.697772186684148, "zone": "East_Khasi_Hills", "landslide_id": 210, "source": "GSI_Bhukosh_validated" }, "geometry": { "type": "Point", "coordinates": [ 91.697772186684148, 25.574474562823241 ] } },
{ "type": "Feature", "properties": { "latitude": 25.252773702342807, "longitude": 91.925629815719191, "zone": "East_Khasi_Hills", "landslide_id": 211, "source": "GSI_Bhukosh_validated" }, "geometry": { "type": "Point", "coordinates": [ 91.925629815719191, 25.252773702342807 ] } },
{ "type": "Feature", "properties": { "latitude": 25.469315521139489, "longitude": 91.872402499547107, "zone": "East_Khasi_Hills", "landslide_id": 212, "source": "GSI_Bhukosh_validated" }, "geometry": { "type": "Point", "coordinates": [ 91.872402499547107, 25.469315521139489 ] } },
{ "type": "Feature", "properties": { "latitude": 25.429858954336019, "longitude": 91.902765089959814, "zone": "East_Khasi_Hills", "landslide_id": 213, "source": "GSI_Bhukosh_validated" }, "geometry": { "type": "Point", "coordinates": [ 91.902765089959814, 25.429858954336019 ] } },
{ "type": "Feature", "properties": { "latitude": 25.30996746842618, "longitude": 91.95213725580426, "zone": "East_Khasi_Hills", "landslide_id": 214, "source": "GSI_Bhukosh_validated" }, "geometry": { "type": "Point", "coordinates": [ 91.95213725580426, 25.30996746842618 ] } },
{ "type": "Feature", "properties": { "latitude": 25.410470312748501, "longitude": 91.819036047953603, "zone": "East_Khasi_Hills", "landslide_id": 215, "source": "GSI_Bhukosh_validated" }, "geometry": { "type": "Point", "coordinates": [ 91.819036047953603, 25.410470312748501 ] } },
{ "type": "Feature", "properties": { "latitude": 25.342202960470736, "longitude": 91.783254291189664, "zone": "East_Khasi_Hills", "landslide_id": 216, "source": "GSI_Bhukosh_validated" }, "geometry": { "type": "Point", "coordinates": [ 91.783254291189664, 25.342202960470736 ] } },
{ "type": "Feature", "properties": { "latitude": 25.417027601787687, "longitude": 91.929376788264662, "zone": "East_Khasi_Hills", "landslide_id": 217, "source": "GSI_Bhukosh_validated" }, "geometry": { "type": "Point", "coordinates": [ 91.929376788264662, 25.417027601787687 ] } },
{ "type": "Feature", "properties": { "latitude": 25.499319601178154, "longitude": 91.753244083357757, "zone": "East_Khasi_Hills", "landslide_id": 218, "source": "GSI_Bhukosh_validated" }, "geometry": { "type": "Point", "coordinates": [ 91.753244083357757, 25.499319601178154 ] } },
{ "type": "Feature", "properties": { "latitude": 25.6379025224218, "longitude": 91.961237913357181, "zone": "East_Khasi_Hills", "landslide_id": 219, "source": "GSI_Bhukosh_validated" }, "geometry": { "type": "Point", "coordinates": [ 91.961237913357181, 25.6379025224218 ] } },
{ "type": "Feature", "properties": { "latitude": 25.214327675175973, "longitude": 91.644612459364325, "zone": "East_Khasi_Hills", "landslide_id": 220, "source": "GSI_Bhukosh_validated" }, "geometry": { "type": "Point", "coordinates": [ 91.644612459364325, 25.214327675175973 ] } },
{ "type": "Feature", "properties": { "latitude": 25.107186830071623, "longitude": 91.970889622361966, "zone": "East_Khasi_Hills", "landslide_id": 221, "source": "GSI_Bhukosh_validated" }, "geometry": { "type": "Point", "coordinates": [ 91.970889622361966, 25.107186830071623 ] } },
{ "type": "Feature", "properties": { "latitude": 25.37723223574466, "longitude": 91.938404460147083, "zone": "East_Khasi_Hills", "landslide_id": 222, "source": "GSI_Bhukosh_validated" }, "geometry": { "type": "Point", "coordinates": [ 91.938404460147083, 25.37723223574466 ] } },
{ "type": "Feature", "properties": { "latitude": 25.368781662446406, "longitude": 91.623868865300253, "zone": "East_Khasi_Hills", "landslide_id": 223, "source": "GSI_Bhukosh_validated" }, "geometry": { "type": "Point", "coordinates": [ 91.623868865300253, 25.368781662446406 ] } },
{ "type": "Feature", "properties": { "latitude": 25.326049859801174, "longitude": 91.708063454989656, "zone": "East_Khasi_Hills", "landslide_id": 224, "source": "GSI_Bhukosh_validated" }, "geometry": { "type": "Point", "coordinates": [ 91.708063454989656, 25.326049859801174 ] } },
{ "type": "Feature", "properties": { "latitude": 25.311595286458367, "longitude": 91.806277213345652, "zone": "East_Khasi_Hills", "landslide_id": 225, "source": "GSI_Bhukosh_validated" }, "geometry": { "type": "Point", "coordinates": [ 91.806277213345652, 25.311595286458367 ] } },
{ "type": "Feature", "properties": { "latitude": 25.527440314553154, "longitude": 91.903913657531632, "zone": "East_Khasi_Hills", "landslide_id": 226, "source": "GSI_Bhukosh_validated" }, "geometry": { "type": "Point", "coordinates": [ 91.903913657531632, 25.527440314553154 ] } },
{ "type": "Feature", "properties": { "latitude": 25.453552322894755, "longitude": 91.977648853070377, "zone": "East_Khasi_Hills", "landslide_id": 227, "source": "GSI_Bhukosh_validated" }, "geometry": { "type": "Point", "coordinates": [ 91.977648853070377, 25.453552322894755 ] } },
{ "type": "Feature", "properties": { "latitude": 25.296063560710902, "longitude": 91.791138428026983, "zone": "East_Khasi_Hills", "landslide_id": 228, "source": "GSI_Bhukosh_validated" }, "geometry": { "type": "Point", "coordinates": [ 91.791138428026983, 25.296063560710902 ] } },
{ "type": "Feature", "properties": { "latitude": 25.534939981314984, "longitude": 91.928015014671573, "zone": "East_Khasi_Hills", "landslide_id": 229, "source": "GSI_Bhukosh_validated" }, "geometry": { "type": "Point", "coordinates": [ 91.928015014671573, 25.534939981314984 ] } },
{ "type": "Feature", "properties": { "latitude": 25.44609492813149, "longitude": 91.786692560147003, "zone": "East_Khasi_Hills", "landslide_id": 230, "source": "GSI_Bhukosh_validated" }, "geometry": { "type": "Point", "coordinates": [ 91.786692560147003, 25.44609492813149 ] } },
{ "type": "Feature", "properties": { "latitude": 25.521929317825844, "longitude": 91.808272329551215, "zone": "East_Khasi_Hills", "landslide_id": 231, "source": "GSI_Bhukosh_validated" }, "geometry": { "type": "Point", "coordinates": [ 91.808272329551215, 25.521929317825844 ] } },
{ "type": "Feature", "properties": { "latitude": 25.494444326288541, "longitude": 91.689000835472768, "zone": "East_Khasi_Hills", "landslide_id": 232, "source": "GSI_Bhukosh_validated" }, "geometry": { "type": "Point", "coordinates": [ 91.689000835472768, 25.494444326288541 ] } },
{ "type": "Feature", "properties": { "latitude": 25.275650748361688, "longitude": 91.761515013083368, "zone": "East_Khasi_Hills", "landslide_id": 233, "source": "GSI_Bhukosh_validated" }, "geometry": { "type": "Point", "coordinates": [ 91.761515013083368, 25.275650748361688 ] } },
{ "type": "Feature", "properties": { "latitude": 25.315972843970453, "longitude": 91.697247309157561, "zone": "East_Khasi_Hills", "landslide_id": 234, "source": "GSI_Bhukosh_validated" }, "geometry": { "type": "Point", "coordinates": [ 91.697247309157561, 25.315972843970453 ] } },
{ "type": "Feature", "properties": { "latitude": 25.512094040768488, "longitude": 91.753619012053406, "zone": "East_Khasi_Hills", "landslide_id": 235, "source": "GSI_Bhukosh_validated" }, "geometry": { "type": "Point", "coordinates": [ 91.753619012053406, 25.512094040768488 ] } },
{ "type": "Feature", "properties": { "latitude": 25.396864760905377, "longitude": 91.757590166675215, "zone": "East_Khasi_Hills", "landslide_id": 236, "source": "GSI_Bhukosh_validated" }, "geometry": { "type": "Point", "coordinates": [ 91.757590166675215, 25.396864760905377 ] } },
{ "type": "Feature", "properties": { "latitude": 25.591649734368261, "longitude": 91.973997685132133, "zone": "East_Khasi_Hills", "landslide_id": 237, "source": "GSI_Bhukosh_validated" }, "geometry": { "type": "Point", "coordinates": [ 91.973997685132133, 25.591649734368261 ] } },
{ "type": "Feature", "properties": { "latitude": 25.311264291674625, "longitude": 91.927725418554232, "zone": "East_Khasi_Hills", "landslide_id": 238, "source": "GSI_Bhukosh_validated" }, "geometry": { "type": "Point", "coordinates": [ 91.927725418554232, 25.311264291674625 ] } },
{ "type": "Feature", "properties": { "latitude": 25.482064607175506, "longitude": 91.771246332972822, "zone": "East_Khasi_Hills", "landslide_id": 239, "source": "GSI_Bhukosh_validated" }, "geometry": { "type": "Point", "coordinates": [ 91.771246332972822, 25.482064607175506 ] } },
{ "type": "Feature", "properties": { "latitude": 25.367347819515917, "longitude": 91.813654326064338, "zone": "East_Khasi_Hills", "landslide_id": 240, "source": "GSI_Bhukosh_validated" }, "geometry": { "type": "Point", "coordinates": [ 91.813654326064338, 25.367347819515917 ] } },
{ "type": "Feature", "properties": { "latitude": 25.564816527798076, "longitude": 91.918301472196816, "zone": "East_Khasi_Hills", "landslide_id": 241, "source": "GSI_Bhukosh_validated" }, "geometry": { "type": "Point", "coordinates": [ 91.918301472196816, 25.564816527798076 ] } },
{ "type": "Feature", "properties": { "latitude": 25.522026445400094, "longitude": 91.885591015041314, "zone": "East_Khasi_Hills", "landslide_id": 242, "source": "GSI_Bhukosh_validated" }, "geometry": { "type": "Point", "coordinates": [ 91.885591015041314, 25.522026445400094 ] } },
{ "type": "Feature", "properties": { "latitude": 25.403150576244911, "longitude": 91.794523536231125, "zone": "East_Khasi_Hills", "landslide_id": 243, "source": "GSI_Bhukosh_validated" }, "geometry": { "type": "Point", "coordinates": [ 91.794523536231125, 25.403150576244911 ] } },
{ "type": "Feature", "properties": { "latitude": 25.502292945694244, "longitude": 91.894751726425469, "zone": "East_Khasi_Hills", "landslide_id": 244, "source": "GSI_Bhukosh_validated" }, "geometry": { "type": "Point", "coordinates": [ 91.894751726425469, 25.502292945694244 ] } },
{ "type": "Feature", "properties": { "latitude": 25.448624952873264, "longitude": 91.805954941331834, "zone": "East_Khasi_Hills", "landslide_id": 245, "source": "GSI_Bhukosh_validated" }, "geometry": { "type": "Point", "coordinates": [ 91.805954941331834, 25.448624952873264 ] } },
{ "type": "Feature", "properties": { "latitude": 25.489273553815536, "longitude": 91.815629983615864, "zone": "East_Khasi_Hills", "landslide_id": 246, "source": "GSI_Bhukosh_validated" }, "geometry": { "type": "Point", "coordinates": [ 91.815629983615864, 25.489273553815536 ] } },
{ "type": "Feature", "properties": { "latitude": 25.277266897514977, "longitude": 91.994861160858335, "zone": "East_Khasi_Hills", "landslide_id": 247, "source": "GSI_Bhukosh_validated" }, "geometry": { "type": "Point", "coordinates": [ 91.994861160858335, 25.277266897514977 ] } },
{ "type": "Feature", "properties": { "latitude": 25.249097392775042, "longitude": 91.993271494332589, "zone": "East_Khasi_Hills", "landslide_id": 248, "source": "GSI_Bhukosh_validated" }, "geometry": { "type": "Point", "coordinates": [ 91.993271494332589, 25.249097392775042 ] } },
{ "type": "Feature", "properties": { "latitude": 25.217871708081837, "longitude": 91.664466292016442, "zone": "East_Khasi_Hills", "landslide_id": 249, "source": "GSI_Bhukosh_validated" }, "geometry": { "type": "Point", "coordinates": [ 91.664466292016442, 25.217871708081837 ] } },
{ "type": "Feature", "properties": { "latitude": 25.573716631025007, "longitude": 91.790929423626281, "zone": "East_Khasi_Hills", "landslide_id": 250, "source": "GSI_Bhukosh_validated" }, "geometry": { "type": "Point", "coordinates": [ 91.790929423626281, 25.573716631025007 ] } },
{ "type": "Feature", "properties": { "latitude": 25.518749404094439, "longitude": 91.862872204667283, "zone": "East_Khasi_Hills", "landslide_id": 251, "source": "GSI_Bhukosh_validated" }, "geometry": { "type": "Point", "coordinates": [ 91.862872204667283, 25.518749404094439 ] } },
{ "type": "Feature", "properties": { "latitude": 25.493617972557821, "longitude": 91.888834985635, "zone": "East_Khasi_Hills", "landslide_id": 252, "source": "GSI_Bhukosh_validated" }, "geometry": { "type": "Point", "coordinates": [ 91.888834985635, 25.493617972557821 ] } },
{ "type": "Feature", "properties": { "latitude": 25.49425182638964, "longitude": 91.993100814632612, "zone": "East_Khasi_Hills", "landslide_id": 253, "source": "GSI_Bhukosh_validated" }, "geometry": { "type": "Point", "coordinates": [ 91.993100814632612, 25.49425182638964 ] } },
{ "type": "Feature", "properties": { "latitude": 25.398162984072961, "longitude": 91.926655150139993, "zone": "East_Khasi_Hills", "landslide_id": 254, "source": "GSI_Bhukosh_validated" }, "geometry": { "type": "Point", "coordinates": [ 91.926655150139993, 25.398162984072961 ] } },
{ "type": "Feature", "properties": { "latitude": 25.265411844277125, "longitude": 91.699698346193486, "zone": "East_Khasi_Hills", "landslide_id": 255, "source": "GSI_Bhukosh_validated" }, "geometry": { "type": "Point", "coordinates": [ 91.699698346193486, 25.265411844277125 ] } },
{ "type": "Feature", "properties": { "latitude": 25.411370683729057, "longitude": 91.957029677650894, "zone": "East_Khasi_Hills", "landslide_id": 256, "source": "GSI_Bhukosh_validated" }, "geometry": { "type": "Point", "coordinates": [ 91.957029677650894, 25.411370683729057 ] } },
{ "type": "Feature", "properties": { "latitude": 25.298425743273182, "longitude": 91.991587861792581, "zone": "East_Khasi_Hills", "landslide_id": 257, "source": "GSI_Bhukosh_validated" }, "geometry": { "type": "Point", "coordinates": [ 91.991587861792581, 25.298425743273182 ] } },
{ "type": "Feature", "properties": { "latitude": 25.54626796001266, "longitude": 91.983968567189663, "zone": "East_Khasi_Hills", "landslide_id": 258, "source": "GSI_Bhukosh_validated" }, "geometry": { "type": "Point", "coordinates": [ 91.983968567189663, 25.54626796001266 ] } },
{ "type": "Feature", "properties": { "latitude": 25.351792123752048, "longitude": 91.968877011884274, "zone": "East_Khasi_Hills", "landslide_id": 259, "source": "GSI_Bhukosh_validated" }, "geometry": { "type": "Point", "coordinates": [ 91.968877011884274, 25.351792123752048 ] } },
{ "type": "Feature", "properties": { "latitude": 25.461939718141341, "longitude": 91.889475143281203, "zone": "East_Khasi_Hills", "landslide_id": 260, "source": "GSI_Bhukosh_validated" }, "geometry": { "type": "Point", "coordinates": [ 91.889475143281203, 25.461939718141341 ] } },
{ "type": "Feature", "properties": { "latitude": 25.315441317079401, "longitude": 91.650855859972609, "zone": "East_Khasi_Hills", "landslide_id": 261, "source": "GSI_Bhukosh_validated" }, "geometry": { "type": "Point", "coordinates": [ 91.650855859972609, 25.315441317079401 ] } },
{ "type": "Feature", "properties": { "latitude": 25.276666940665034, "longitude": 91.964442732869898, "zone": "East_Khasi_Hills", "landslide_id": 262, "source": "GSI_Bhukosh_validated" }, "geometry": { "type": "Point", "coordinates": [ 91.964442732869898, 25.276666940665034 ] } },
{ "type": "Feature", "properties": { "latitude": 25.436553081723787, "longitude": 91.931153153074476, "zone": "East_Khasi_Hills", "landslide_id": 263, "source": "GSI_Bhukosh_validated" }, "geometry": { "type": "Point", "coordinates": [ 91.931153153074476, 25.436553081723787 ] } },
{ "type": "Feature", "properties": { "latitude": 25.436744985666309, "longitude": 91.940736825579307, "zone": "East_Khasi_Hills", "landslide_id": 264, "source": "GSI_Bhukosh_validated" }, "geometry": { "type": "Point", "coordinates": [ 91.940736825579307, 25.436744985666309 ] } },
{ "type": "Feature", "properties": { "latitude": 25.32395852369433, "longitude": 91.708487713626965, "zone": "East_Khasi_Hills", "landslide_id": 265, "source": "GSI_Bhukosh_validated" }, "geometry": { "type": "Point", "coordinates": [ 91.708487713626965, 25.32395852369433 ] } },
{ "type": "Feature", "properties": { "latitude": 25.329344254157249, "longitude": 91.737841518938765, "zone": "East_Khasi_Hills", "landslide_id": 266, "source": "GSI_Bhukosh_validated" }, "geometry": { "type": "Point", "coordinates": [ 91.737841518938765, 25.329344254157249 ] } },
{ "type": "Feature", "properties": { "latitude": 25.182787348775399, "longitude": 91.894066726921508, "zone": "East_Khasi_Hills", "landslide_id": 267, "source": "GSI_Bhukosh_validated" }, "geometry": { "type": "Point", "coordinates": [ 91.894066726921508, 25.182787348775399 ] } },
{ "type": "Feature", "properties": { "latitude": 25.292233366812134, "longitude": 91.904247756419579, "zone": "East_Khasi_Hills", "landslide_id": 268, "source": "GSI_Bhukosh_validated" }, "geometry": { "type": "Point", "coordinates": [ 91.904247756419579, 25.292233366812134 ] } },
{ "type": "Feature", "properties": { "latitude": 25.367982927243222, "longitude": 91.904463420924372, "zone": "East_Khasi_Hills", "landslide_id": 269, "source": "GSI_Bhukosh_validated" }, "geometry": { "type": "Point", "coordinates": [ 91.904463420924372, 25.367982927243222 ] } },
{ "type": "Feature", "properties": { "latitude": 25.621303432542433, "longitude": 91.822593290767401, "zone": "East_Khasi_Hills", "landslide_id": 270, "source": "GSI_Bhukosh_validated" }, "geometry": { "type": "Point", "coordinates": [ 91.822593290767401, 25.621303432542433 ] } },
{ "type": "Feature", "properties": { "latitude": 25.528648943480302, "longitude": 91.914418116541157, "zone": "East_Khasi_Hills", "landslide_id": 271, "source": "GSI_Bhukosh_validated" }, "geometry": { "type": "Point", "coordinates": [ 91.914418116541157, 25.528648943480302 ] } },
{ "type": "Feature", "properties": { "latitude": 25.376009220505484, "longitude": 91.830658706694251, "zone": "East_Khasi_Hills", "landslide_id": 272, "source": "GSI_Bhukosh_validated" }, "geometry": { "type": "Point", "coordinates": [ 91.830658706694251, 25.376009220505484 ] } },
{ "type": "Feature", "properties": { "latitude": 25.397147568814596, "longitude": 91.834825565885154, "zone": "East_Khasi_Hills", "landslide_id": 273, "source": "GSI_Bhukosh_validated" }, "geometry": { "type": "Point", "coordinates": [ 91.834825565885154, 25.397147568814596 ] } },
{ "type": "Feature", "properties": { "latitude": 25.249620595304329, "longitude": 91.853624181479717, "zone": "East_Khasi_Hills", "landslide_id": 274, "source": "GSI_Bhukosh_validated" }, "geometry": { "type": "Point", "coordinates": [ 91.853624181479717, 25.249620595304329 ] } },
{ "type": "Feature", "properties": { "latitude": 25.39722302960114, "longitude": 91.933320065745065, "zone": "East_Khasi_Hills", "landslide_id": 275, "source": "GSI_Bhukosh_validated" }, "geometry": { "type": "Point", "coordinates": [ 91.933320065745065, 25.39722302960114 ] } },
{ "type": "Feature", "properties": { "latitude": 25.356701204161979, "longitude": 91.828187706750484, "zone": "East_Khasi_Hills", "landslide_id": 276, "source": "GSI_Bhukosh_validated" }, "geometry": { "type": "Point", "coordinates": [ 91.828187706750484, 25.356701204161979 ] } },
{ "type": "Feature", "properties": { "latitude": 25.275915358467149, "longitude": 91.765808904667082, "zone": "East_Khasi_Hills", "landslide_id": 277, "source": "GSI_Bhukosh_validated" }, "geometry": { "type": "Point", "coordinates": [ 91.765808904667082, 25.275915358467149 ] } },
{ "type": "Feature", "properties": { "latitude": 25.477901977136174, "longitude": 91.871969253375795, "zone": "East_Khasi_Hills", "landslide_id": 278, "source": "GSI_Bhukosh_validated" }, "geometry": { "type": "Point", "coordinates": [ 91.871969253375795, 25.477901977136174 ] } },
{ "type": "Feature", "properties": { "latitude": 25.629910836950387, "longitude": 91.834040341258884, "zone": "East_Khasi_Hills", "landslide_id": 279, "source": "GSI_Bhukosh_validated" }, "geometry": { "type": "Point", "coordinates": [ 91.834040341258884, 25.629910836950387 ] } },
{ "type": "Feature", "properties": { "latitude": 25.460256758314841, "longitude": 91.92948321647674, "zone": "East_Khasi_Hills", "landslide_id": 280, "source": "GSI_Bhukosh_validated" }, "geometry": { "type": "Point", "coordinates": [ 91.92948321647674, 25.460256758314841 ] } },
{ "type": "Feature", "properties": { "latitude": 25.339816929217122, "longitude": 91.677165944044461, "zone": "East_Khasi_Hills", "landslide_id": 281, "source": "GSI_Bhukosh_validated" }, "geometry": { "type": "Point", "coordinates": [ 91.677165944044461, 25.339816929217122 ] } },
{ "type": "Feature", "properties": { "latitude": 25.433613872271561, "longitude": 91.940057539880399, "zone": "East_Khasi_Hills", "landslide_id": 282, "source": "GSI_Bhukosh_validated" }, "geometry": { "type": "Point", "coordinates": [ 91.940057539880399, 25.433613872271561 ] } },
{ "type": "Feature", "properties": { "latitude": 25.414651414782323, "longitude": 91.912342598391319, "zone": "East_Khasi_Hills", "landslide_id": 283, "source": "GSI_Bhukosh_validated" }, "geometry": { "type": "Point", "coordinates": [ 91.912342598391319, 25.414651414782323 ] } },
{ "type": "Feature", "properties": { "latitude": 25.403676526138842, "longitude": 91.82240673248495, "zone": "East_Khasi_Hills", "landslide_id": 284, "source": "GSI_Bhukosh_validated" }, "geometry": { "type": "Point", "coordinates": [ 91.82240673248495, 25.403676526138842 ] } },
{ "type": "Feature", "properties": { "latitude": 25.54389062391278, "longitude": 91.84557421593405, "zone": "East_Khasi_Hills", "landslide_id": 285, "source": "GSI_Bhukosh_validated" }, "geometry": { "type": "Point", "coordinates": [ 91.84557421593405, 25.54389062391278 ] } },
{ "type": "Feature", "properties": { "latitude": 25.722977368626733, "longitude": 91.833174621789894, "zone": "East_Khasi_Hills", "landslide_id": 286, "source": "GSI_Bhukosh_validated" }, "geometry": { "type": "Point", "coordinates": [ 91.833174621789894, 25.722977368626733 ] } },
{ "type": "Feature", "properties": { "latitude": 25.427501300860751, "longitude": 91.821570995927019, "zone": "East_Khasi_Hills", "landslide_id": 287, "source": "GSI_Bhukosh_validated" }, "geometry": { "type": "Point", "coordinates": [ 91.821570995927019, 25.427501300860751 ] } },
{ "type": "Feature", "properties": { "latitude": 25.728470439982651, "longitude": 91.836971977435624, "zone": "East_Khasi_Hills", "landslide_id": 288, "source": "GSI_Bhukosh_validated" }, "geometry": { "type": "Point", "coordinates": [ 91.836971977435624, 25.728470439982651 ] } },
{ "type": "Feature", "properties": { "latitude": 25.278755257196725, "longitude": 91.857732308670933, "zone": "East_Khasi_Hills", "landslide_id": 289, "source": "GSI_Bhukosh_validated" }, "geometry": { "type": "Point", "coordinates": [ 91.857732308670933, 25.278755257196725 ] } },
{ "type": "Feature", "properties": { "latitude": 25.274041723672884, "longitude": 91.698332423344866, "zone": "East_Khasi_Hills", "landslide_id": 290, "source": "GSI_Bhukosh_validated" }, "geometry": { "type": "Point", "coordinates": [ 91.698332423344866, 25.274041723672884 ] } },
{ "type": "Feature", "properties": { "latitude": 25.310091103183396, "longitude": 91.762202208027375, "zone": "East_Khasi_Hills", "landslide_id": 291, "source": "GSI_Bhukosh_validated" }, "geometry": { "type": "Point", "coordinates": [ 91.762202208027375, 25.310091103183396 ] } },
{ "type": "Feature", "properties": { "latitude": 25.081415641353527, "longitude": 91.749378884987195, "zone": "East_Khasi_Hills", "landslide_id": 292, "source": "GSI_Bhukosh_validated" }, "geometry": { "type": "Point", "coordinates": [ 91.749378884987195, 25.081415641353527 ] } },
{ "type": "Feature", "properties": { "latitude": 25.321136746747886, "longitude": 91.784830365234384, "zone": "East_Khasi_Hills", "landslide_id": 293, "source": "GSI_Bhukosh_validated" }, "geometry": { "type": "Point", "coordinates": [ 91.784830365234384, 25.321136746747886 ] } },
{ "type": "Feature", "properties": { "latitude": 25.286130100766943, "longitude": 91.894797266891985, "zone": "East_Khasi_Hills", "landslide_id": 294, "source": "GSI_Bhukosh_validated" }, "geometry": { "type": "Point", "coordinates": [ 91.894797266891985, 25.286130100766943 ] } },
{ "type": "Feature", "properties": { "latitude": 25.422559067971431, "longitude": 91.935132209880479, "zone": "East_Khasi_Hills", "landslide_id": 295, "source": "GSI_Bhukosh_validated" }, "geometry": { "type": "Point", "coordinates": [ 91.935132209880479, 25.422559067971431 ] } },
{ "type": "Feature", "properties": { "latitude": 25.681425625882383, "longitude": 91.750246893889184, "zone": "East_Khasi_Hills", "landslide_id": 296, "source": "GSI_Bhukosh_validated" }, "geometry": { "type": "Point", "coordinates": [ 91.750246893889184, 25.681425625882383 ] } },
{ "type": "Feature", "properties": { "latitude": 25.313464451650638, "longitude": 91.867901673366177, "zone": "East_Khasi_Hills", "landslide_id": 297, "source": "GSI_Bhukosh_validated" }, "geometry": { "type": "Point", "coordinates": [ 91.867901673366177, 25.313464451650638 ] } },
{ "type": "Feature", "properties": { "latitude": 25.265237799297743, "longitude": 91.892580443552134, "zone": "East_Khasi_Hills", "landslide_id": 298, "source": "GSI_Bhukosh_validated" }, "geometry": { "type": "Point", "coordinates": [ 91.892580443552134, 25.265237799297743 ] } },
{ "type": "Feature", "properties": { "latitude": 25.201965018946904, "longitude": 91.731591696765662, "zone": "East_Khasi_Hills", "landslide_id": 299, "source": "GSI_Bhukosh_validated" }, "geometry": { "type": "Point", "coordinates": [ 91.731591696765662, 25.201965018946904 ] } },
{ "type": "Feature", "properties": { "latitude": 25.674718814878151, "longitude": 91.957361461927619, "zone": "East_Khasi_Hills", "landslide_id": 300, "source": "GSI_Bhukosh_validated" }, "geometry": { "type": "Point", "coordinates": [ 91.957361461927619, 25.674718814878151 ] } },
{ "type": "Feature", "properties": { "latitude": 25.576916018108193, "longitude": 91.924967831231967, "zone": "East_Khasi_Hills", "landslide_id": 301, "source": "GSI_Bhukosh_validated" }, "geometry": { "type": "Point", "coordinates": [ 91.924967831231967, 25.576916018108193 ] } },
{ "type": "Feature", "properties": { "latitude": 25.329623652184292, "longitude": 91.973867689601235, "zone": "East_Khasi_Hills", "landslide_id": 302, "source": "GSI_Bhukosh_validated" }, "geometry": { "type": "Point", "coordinates": [ 91.973867689601235, 25.329623652184292 ] } },
{ "type": "Feature", "properties": { "latitude": 25.143029820636368, "longitude": 91.943375296586183, "zone": "East_Khasi_Hills", "landslide_id": 303, "source": "GSI_Bhukosh_validated" }, "geometry": { "type": "Point", "coordinates": [ 91.943375296586183, 25.143029820636368 ] } },
{ "type": "Feature", "properties": { "latitude": 25.382819023212107, "longitude": 91.804339002362312, "zone": "East_Khasi_Hills", "landslide_id": 304, "source": "GSI_Bhukosh_validated" }, "geometry": { "type": "Point", "coordinates": [ 91.804339002362312, 25.382819023212107 ] } },
{ "type": "Feature", "properties": { "latitude": 25.585672446796018, "longitude": 91.820350456749736, "zone": "East_Khasi_Hills", "landslide_id": 305, "source": "GSI_Bhukosh_validated" }, "geometry": { "type": "Point", "coordinates": [ 91.820350456749736, 25.585672446796018 ] } },
{ "type": "Feature", "properties": { "latitude": 25.160835851180842, "longitude": 91.806528921036289, "zone": "East_Khasi_Hills", "landslide_id": 306, "source": "GSI_Bhukosh_validated" }, "geometry": { "type": "Point", "coordinates": [ 91.806528921036289, 25.160835851180842 ] } },
{ "type": "Feature", "properties": { "latitude": 25.310093746556934, "longitude": 91.816678432125968, "zone": "East_Khasi_Hills", "landslide_id": 307, "source": "GSI_Bhukosh_validated" }, "geometry": { "type": "Point", "coordinates": [ 91.816678432125968, 25.310093746556934 ] } },
{ "type": "Feature", "properties": { "latitude": 25.400786554957726, "longitude": 91.804391930904032, "zone": "East_Khasi_Hills", "landslide_id": 308, "source": "GSI_Bhukosh_validated" }, "geometry": { "type": "Point", "coordinates": [ 91.804391930904032, 25.400786554957726 ] } },
{ "type": "Feature", "properties": { "latitude": 25.493427489852124, "longitude": 91.814388055937584, "zone": "East_Khasi_Hills", "landslide_id": 309, "source": "GSI_Bhukosh_validated" }, "geometry": { "type": "Point", "coordinates": [ 91.814388055937584, 25.493427489852124 ] } },
{ "type": "Feature", "properties": { "latitude": 25.239856935592609, "longitude": 91.775146664034366, "zone": "East_Khasi_Hills", "landslide_id": 310, "source": "GSI_Bhukosh_validated" }, "geometry": { "type": "Point", "coordinates": [ 91.775146664034366, 25.239856935592609 ] } },
{ "type": "Feature", "properties": { "latitude": 25.378643077246803, "longitude": 91.970712333457968, "zone": "East_Khasi_Hills", "landslide_id": 311, "source": "GSI_Bhukosh_validated" }, "geometry": { "type": "Point", "coordinates": [ 91.970712333457968, 25.378643077246803 ] } },
{ "type": "Feature", "properties": { "latitude": 25.418044344756783, "longitude": 91.817166543357857, "zone": "East_Khasi_Hills", "landslide_id": 312, "source": "GSI_Bhukosh_validated" }, "geometry": { "type": "Point", "coordinates": [ 91.817166543357857, 25.418044344756783 ] } },
{ "type": "Feature", "properties": { "latitude": 25.477165825108813, "longitude": 91.994939772663329, "zone": "East_Khasi_Hills", "landslide_id": 313, "source": "GSI_Bhukosh_validated" }, "geometry": { "type": "Point", "coordinates": [ 91.994939772663329, 25.477165825108813 ] } },
{ "type": "Feature", "properties": { "latitude": 25.506742231713332, "longitude": 91.930438453127707, "zone": "East_Khasi_Hills", "landslide_id": 314, "source": "GSI_Bhukosh_validated" }, "geometry": { "type": "Point", "coordinates": [ 91.930438453127707, 25.506742231713332 ] } },
{ "type": "Feature", "properties": { "latitude": 25.231303686224319, "longitude": 91.672638382750421, "zone": "East_Khasi_Hills", "landslide_id": 315, "source": "GSI_Bhukosh_validated" }, "geometry": { "type": "Point", "coordinates": [ 91.672638382750421, 25.231303686224319 ] } },
{ "type": "Feature", "properties": { "latitude": 25.449847101796937, "longitude": 91.808081696427351, "zone": "East_Khasi_Hills", "landslide_id": 316, "source": "GSI_Bhukosh_validated" }, "geometry": { "type": "Point", "coordinates": [ 91.808081696427351, 25.449847101796937 ] } },
{ "type": "Feature", "properties": { "latitude": 25.287727019516517, "longitude": 91.841844766009615, "zone": "East_Khasi_Hills", "landslide_id": 317, "source": "GSI_Bhukosh_validated" }, "geometry": { "type": "Point", "coordinates": [ 91.841844766009615, 25.287727019516517 ] } },
{ "type": "Feature", "properties": { "latitude": 25.632672796328379, "longitude": 91.942879808608737, "zone": "East_Khasi_Hills", "landslide_id": 318, "source": "GSI_Bhukosh_validated" }, "geometry": { "type": "Point", "coordinates": [ 91.942879808608737, 25.632672796328379 ] } },
{ "type": "Feature", "properties": { "latitude": 25.417351195143926, "longitude": 91.95016851849806, "zone": "East_Khasi_Hills", "landslide_id": 319, "source": "GSI_Bhukosh_validated" }, "geometry": { "type": "Point", "coordinates": [ 91.95016851849806, 25.417351195143926 ] } },
{ "type": "Feature", "properties": { "latitude": 25.576894577609572, "longitude": 91.99878164090093, "zone": "East_Khasi_Hills", "landslide_id": 320, "source": "GSI_Bhukosh_validated" }, "geometry": { "type": "Point", "coordinates": [ 91.99878164090093, 25.576894577609572 ] } },
{ "type": "Feature", "properties": { "latitude": 25.709112188732298, "longitude": 91.873457915875903, "zone": "East_Khasi_Hills", "landslide_id": 321, "source": "GSI_Bhukosh_validated" }, "geometry": { "type": "Point", "coordinates": [ 91.873457915875903, 25.709112188732298 ] } },
{ "type": "Feature", "properties": { "latitude": 25.663301126366481, "longitude": 91.780255413319239, "zone": "East_Khasi_Hills", "landslide_id": 322, "source": "GSI_Bhukosh_validated" }, "geometry": { "type": "Point", "coordinates": [ 91.780255413319239, 25.663301126366481 ] } },
{ "type": "Feature", "properties": { "latitude": 25.362655377728139, "longitude": 91.693102115797828, "zone": "East_Khasi_Hills", "landslide_id": 323, "source": "GSI_Bhukosh_validated" }, "geometry": { "type": "Point", "coordinates": [ 91.693102115797828, 25.362655377728139 ] } },
{ "type": "Feature", "properties": { "latitude": 25.545735642643152, "longitude": 91.790360494008723, "zone": "East_Khasi_Hills", "landslide_id": 324, "source": "GSI_Bhukosh_validated" }, "geometry": { "type": "Point", "coordinates": [ 91.790360494008723, 25.545735642643152 ] } },
{ "type": "Feature", "properties": { "latitude": 25.496806392437772, "longitude": 91.895030954068943, "zone": "East_Khasi_Hills", "landslide_id": 325, "source": "GSI_Bhukosh_validated" }, "geometry": { "type": "Point", "coordinates": [ 91.895030954068943, 25.496806392437772 ] } },
{ "type": "Feature", "properties": { "latitude": 25.255261480912981, "longitude": 91.822358305144576, "zone": "East_Khasi_Hills", "landslide_id": 326, "source": "GSI_Bhukosh_validated" }, "geometry": { "type": "Point", "coordinates": [ 91.822358305144576, 25.255261480912981 ] } },
{ "type": "Feature", "properties": { "latitude": 25.502907718999765, "longitude": 91.933568192745838, "zone": "East_Khasi_Hills", "landslide_id": 327, "source": "GSI_Bhukosh_validated" }, "geometry": { "type": "Point", "coordinates": [ 91.933568192745838, 25.502907718999765 ] } },
{ "type": "Feature", "properties": { "latitude": 25.558763673027435, "longitude": 91.897536565589093, "zone": "East_Khasi_Hills", "landslide_id": 328, "source": "GSI_Bhukosh_validated" }, "geometry": { "type": "Point", "coordinates": [ 91.897536565589093, 25.558763673027435 ] } },
{ "type": "Feature", "properties": { "latitude": 25.094115173335982, "longitude": 91.820369684061959, "zone": "East_Khasi_Hills", "landslide_id": 329, "source": "GSI_Bhukosh_validated" }, "geometry": { "type": "Point", "coordinates": [ 91.820369684061959, 25.094115173335982 ] } },
{ "type": "Feature", "properties": { "latitude": 25.359588974833315, "longitude": 91.826584083622279, "zone": "East_Khasi_Hills", "landslide_id": 330, "source": "GSI_Bhukosh_validated" }, "geometry": { "type": "Point", "coordinates": [ 91.826584083622279, 25.359588974833315 ] } },
{ "type": "Feature", "properties": { "latitude": 25.644292331835693, "longitude": 91.987589227798907, "zone": "East_Khasi_Hills", "landslide_id": 331, "source": "GSI_Bhukosh_validated" }, "geometry": { "type": "Point", "coordinates": [ 91.987589227798907, 25.644292331835693 ] } },
{ "type": "Feature", "properties": { "latitude": 25.192984781267764, "longitude": 91.846106186381945, "zone": "East_Khasi_Hills", "landslide_id": 332, "source": "GSI_Bhukosh_validated" }, "geometry": { "type": "Point", "coordinates": [ 91.846106186381945, 25.192984781267764 ] } },
{ "type": "Feature", "properties": { "latitude": 25.144492634096725, "longitude": 91.988598224603848, "zone": "East_Khasi_Hills", "landslide_id": 333, "source": "GSI_Bhukosh_validated" }, "geometry": { "type": "Point", "coordinates": [ 91.988598224603848, 25.144492634096725 ] } },
{ "type": "Feature", "properties": { "latitude": 25.395095787785884, "longitude": 91.976091104666096, "zone": "East_Khasi_Hills", "landslide_id": 334, "source": "GSI_Bhukosh_validated" }, "geometry": { "type": "Point", "coordinates": [ 91.976091104666096, 25.395095787785884 ] } },
{ "type": "Feature", "properties": { "latitude": 25.500450882324504, "longitude": 91.997306483138459, "zone": "East_Khasi_Hills", "landslide_id": 335, "source": "GSI_Bhukosh_validated" }, "geometry": { "type": "Point", "coordinates": [ 91.997306483138459, 25.500450882324504 ] } },
{ "type": "Feature", "properties": { "latitude": 25.454989736914527, "longitude": 91.874932287952475, "zone": "East_Khasi_Hills", "landslide_id": 336, "source": "GSI_Bhukosh_validated" }, "geometry": { "type": "Point", "coordinates": [ 91.874932287952475, 25.454989736914527 ] } },
{ "type": "Feature", "properties": { "latitude": 25.259018032050896, "longitude": 91.922007052965, "zone": "East_Khasi_Hills", "landslide_id": 337, "source": "GSI_Bhukosh_validated" }, "geometry": { "type": "Point", "coordinates": [ 91.922007052965, 25.259018032050896 ] } },
{ "type": "Feature", "properties": { "latitude": 25.241117971716655, "longitude": 91.777459649351925, "zone": "East_Khasi_Hills", "landslide_id": 338, "source": "GSI_Bhukosh_validated" }, "geometry": { "type": "Point", "coordinates": [ 91.777459649351925, 25.241117971716655 ] } },
{ "type": "Feature", "properties": { "latitude": 25.566361195597121, "longitude": 91.286232284574695, "zone": "West_Khasi_Hills", "landslide_id": 339, "source": "GSI_Bhukosh_validated" }, "geometry": { "type": "Point", "coordinates": [ 91.286232284574695, 25.566361195597121 ] } },
{ "type": "Feature", "properties": { "latitude": 25.429199013781076, "longitude": 91.555767727840859, "zone": "West_Khasi_Hills", "landslide_id": 340, "source": "GSI_Bhukosh_validated" }, "geometry": { "type": "Point", "coordinates": [ 91.555767727840859, 25.429199013781076 ] } },
{ "type": "Feature", "properties": { "latitude": 25.505174068128266, "longitude": 91.614079838567775, "zone": "West_Khasi_Hills", "landslide_id": 341, "source": "GSI_Bhukosh_validated" }, "geometry": { "type": "Point", "coordinates": [ 91.614079838567775, 25.505174068128266 ] } },
{ "type": "Feature", "properties": { "latitude": 25.730121335269313, "longitude": 91.574483837541266, "zone": "West_Khasi_Hills", "landslide_id": 342, "source": "GSI_Bhukosh_validated" }, "geometry": { "type": "Point", "coordinates": [ 91.574483837541266, 25.730121335269313 ] } },
{ "type": "Feature", "properties": { "latitude": 25.534397832243581, "longitude": 91.466648221402011, "zone": "West_Khasi_Hills", "landslide_id": 343, "source": "GSI_Bhukosh_validated" }, "geometry": { "type": "Point", "coordinates": [ 91.466648221402011, 25.534397832243581 ] } },
{ "type": "Feature", "properties": { "latitude": 25.508358578668108, "longitude": 91.476632274047986, "zone": "West_Khasi_Hills", "landslide_id": 344, "source": "GSI_Bhukosh_validated" }, "geometry": { "type": "Point", "coordinates": [ 91.476632274047986, 25.508358578668108 ] } },
{ "type": "Feature", "properties": { "latitude": 25.255225894623614, "longitude": 91.507886064956239, "zone": "West_Khasi_Hills", "landslide_id": 345, "source": "GSI_Bhukosh_validated" }, "geometry": { "type": "Point", "coordinates": [ 91.507886064956239, 25.255225894623614 ] } },
{ "type": "Feature", "properties": { "latitude": 25.634325641884899, "longitude": 91.473539639706871, "zone": "West_Khasi_Hills", "landslide_id": 346, "source": "GSI_Bhukosh_validated" }, "geometry": { "type": "Point", "coordinates": [ 91.473539639706871, 25.634325641884899 ] } },
{ "type": "Feature", "properties": { "latitude": 25.616187152605395, "longitude": 91.673498241023083, "zone": "West_Khasi_Hills", "landslide_id": 347, "source": "GSI_Bhukosh_validated" }, "geometry": { "type": "Point", "coordinates": [ 91.673498241023083, 25.616187152605395 ] } },
{ "type": "Feature", "properties": { "latitude": 25.889385850194984, "longitude": 91.897894140286439, "zone": "West_Khasi_Hills", "landslide_id": 348, "source": "GSI_Bhukosh_validated" }, "geometry": { "type": "Point", "coordinates": [ 91.897894140286439, 25.889385850194984 ] } },
{ "type": "Feature", "properties": { "latitude": 25.444599917708459, "longitude": 91.399651478698587, "zone": "West_Khasi_Hills", "landslide_id": 349, "source": "GSI_Bhukosh_validated" }, "geometry": { "type": "Point", "coordinates": [ 91.399651478698587, 25.444599917708459 ] } },
{ "type": "Feature", "properties": { "latitude": 25.539447058979508, "longitude": 91.253435463675771, "zone": "West_Khasi_Hills", "landslide_id": 350, "source": "GSI_Bhukosh_validated" }, "geometry": { "type": "Point", "coordinates": [ 91.253435463675771, 25.539447058979508 ] } },
{ "type": "Feature", "properties": { "latitude": 25.544889063067934, "longitude": 91.48410923129677, "zone": "West_Khasi_Hills", "landslide_id": 351, "source": "GSI_Bhukosh_validated" }, "geometry": { "type": "Point", "coordinates": [ 91.48410923129677, 25.544889063067934 ] } },
{ "type": "Feature", "properties": { "latitude": 25.783941590357426, "longitude": 91.964347680777777, "zone": "West_Khasi_Hills", "landslide_id": 352, "source": "GSI_Bhukosh_validated" }, "geometry": { "type": "Point", "coordinates": [ 91.964347680777777, 25.783941590357426 ] } },
{ "type": "Feature", "properties": { "latitude": 25.48284680417035, "longitude": 91.355338577765451, "zone": "West_Khasi_Hills", "landslide_id": 353, "source": "GSI_Bhukosh_validated" }, "geometry": { "type": "Point", "coordinates": [ 91.355338577765451, 25.48284680417035 ] } },
{ "type": "Feature", "properties": { "latitude": 25.550223874638661, "longitude": 91.795041024979938, "zone": "West_Khasi_Hills", "landslide_id": 354, "source": "GSI_Bhukosh_validated" }, "geometry": { "type": "Point", "coordinates": [ 91.795041024979938, 25.550223874638661 ] } },
{ "type": "Feature", "properties": { "latitude": 25.609421371748976, "longitude": 91.801986146533764, "zone": "West_Khasi_Hills", "landslide_id": 355, "source": "GSI_Bhukosh_validated" }, "geometry": { "type": "Point", "coordinates": [ 91.801986146533764, 25.609421371748976 ] } },
{ "type": "Feature", "properties": { "latitude": 25.533589642168145, "longitude": 91.400354116492565, "zone": "West_Khasi_Hills", "landslide_id": 356, "source": "GSI_Bhukosh_validated" }, "geometry": { "type": "Point", "coordinates": [ 91.400354116492565, 25.533589642168145 ] } },
{ "type": "Feature", "properties": { "latitude": 25.419641949380903, "longitude": 91.602416954253343, "zone": "West_Khasi_Hills", "landslide_id": 357, "source": "GSI_Bhukosh_validated" }, "geometry": { "type": "Point", "coordinates": [ 91.602416954253343, 25.419641949380903 ] } },
{ "type": "Feature", "properties": { "latitude": 25.534936198721695, "longitude": 91.793111392163141, "zone": "West_Khasi_Hills", "landslide_id": 358, "source": "GSI_Bhukosh_validated" }, "geometry": { "type": "Point", "coordinates": [ 91.793111392163141, 25.534936198721695 ] } },
{ "type": "Feature", "properties": { "latitude": 25.693253714974759, "longitude": 91.431757006622249, "zone": "West_Khasi_Hills", "landslide_id": 359, "source": "GSI_Bhukosh_validated" }, "geometry": { "type": "Point", "coordinates": [ 91.431757006622249, 25.693253714974759 ] } },
{ "type": "Feature", "properties": { "latitude": 25.315227246106009, "longitude": 91.463355535181577, "zone": "West_Khasi_Hills", "landslide_id": 360, "source": "GSI_Bhukosh_validated" }, "geometry": { "type": "Point", "coordinates": [ 91.463355535181577, 25.315227246106009 ] } },
{ "type": "Feature", "properties": { "latitude": 25.523934541346438, "longitude": 91.39529743548924, "zone": "West_Khasi_Hills", "landslide_id": 361, "source": "GSI_Bhukosh_validated" }, "geometry": { "type": "Point", "coordinates": [ 91.39529743548924, 25.523934541346438 ] } },
{ "type": "Feature", "properties": { "latitude": 25.373978253310948, "longitude": 91.317343788475284, "zone": "West_Khasi_Hills", "landslide_id": 362, "source": "GSI_Bhukosh_validated" }, "geometry": { "type": "Point", "coordinates": [ 91.317343788475284, 25.373978253310948 ] } },
{ "type": "Feature", "properties": { "latitude": 25.715108393206471, "longitude": 91.383130041888123, "zone": "West_Khasi_Hills", "landslide_id": 363, "source": "GSI_Bhukosh_validated" }, "geometry": { "type": "Point", "coordinates": [ 91.383130041888123, 25.715108393206471 ] } },
{ "type": "Feature", "properties": { "latitude": 25.225826357138921, "longitude": 91.279690751982798, "zone": "West_Khasi_Hills", "landslide_id": 364, "source": "GSI_Bhukosh_validated" }, "geometry": { "type": "Point", "coordinates": [ 91.279690751982798, 25.225826357138921 ] } },
{ "type": "Feature", "properties": { "latitude": 25.399394067491116, "longitude": 91.506135024286664, "zone": "West_Khasi_Hills", "landslide_id": 365, "source": "GSI_Bhukosh_validated" }, "geometry": { "type": "Point", "coordinates": [ 91.506135024286664, 25.399394067491116 ] } },
{ "type": "Feature", "properties": { "latitude": 25.567898137511612, "longitude": 91.36140481840944, "zone": "West_Khasi_Hills", "landslide_id": 366, "source": "GSI_Bhukosh_validated" }, "geometry": { "type": "Point", "coordinates": [ 91.36140481840944, 25.567898137511612 ] } },
{ "type": "Feature", "properties": { "latitude": 25.781794325262183, "longitude": 91.542081464122333, "zone": "West_Khasi_Hills", "landslide_id": 367, "source": "GSI_Bhukosh_validated" }, "geometry": { "type": "Point", "coordinates": [ 91.542081464122333, 25.781794325262183 ] } },
{ "type": "Feature", "properties": { "latitude": 25.488164953006862, "longitude": 91.219938783683347, "zone": "West_Khasi_Hills", "landslide_id": 368, "source": "GSI_Bhukosh_validated" }, "geometry": { "type": "Point", "coordinates": [ 91.219938783683347, 25.488164953006862 ] } },
{ "type": "Feature", "properties": { "latitude": 25.400064085195226, "longitude": 91.5595584417986, "zone": "West_Khasi_Hills", "landslide_id": 369, "source": "GSI_Bhukosh_validated" }, "geometry": { "type": "Point", "coordinates": [ 91.5595584417986, 25.400064085195226 ] } },
{ "type": "Feature", "properties": { "latitude": 25.838608272499307, "longitude": 91.650035213089609, "zone": "West_Khasi_Hills", "landslide_id": 370, "source": "GSI_Bhukosh_validated" }, "geometry": { "type": "Point", "coordinates": [ 91.650035213089609, 25.838608272499307 ] } },
{ "type": "Feature", "properties": { "latitude": 25.239357497925077, "longitude": 91.141127584337141, "zone": "West_Khasi_Hills", "landslide_id": 371, "source": "GSI_Bhukosh_validated" }, "geometry": { "type": "Point", "coordinates": [ 91.141127584337141, 25.239357497925077 ] } },
{ "type": "Feature", "properties": { "latitude": 25.104214927808385, "longitude": 91.567330182572562, "zone": "West_Khasi_Hills", "landslide_id": 372, "source": "GSI_Bhukosh_validated" }, "geometry": { "type": "Point", "coordinates": [ 91.567330182572562, 25.104214927808385 ] } },
{ "type": "Feature", "properties": { "latitude": 25.579202601009598, "longitude": 91.720980418645198, "zone": "West_Khasi_Hills", "landslide_id": 373, "source": "GSI_Bhukosh_validated" }, "geometry": { "type": "Point", "coordinates": [ 91.720980418645198, 25.579202601009598 ] } },
{ "type": "Feature", "properties": { "latitude": 25.409630239616529, "longitude": 91.282264616635587, "zone": "West_Khasi_Hills", "landslide_id": 374, "source": "GSI_Bhukosh_validated" }, "geometry": { "type": "Point", "coordinates": [ 91.282264616635587, 25.409630239616529 ] } },
{ "type": "Feature", "properties": { "latitude": 25.31617809291647, "longitude": 91.801063029630782, "zone": "West_Khasi_Hills", "landslide_id": 375, "source": "GSI_Bhukosh_validated" }, "geometry": { "type": "Point", "coordinates": [ 91.801063029630782, 25.31617809291647 ] } },
{ "type": "Feature", "properties": { "latitude": 25.627504160513883, "longitude": 91.575423421685883, "zone": "West_Khasi_Hills", "landslide_id": 376, "source": "GSI_Bhukosh_validated" }, "geometry": { "type": "Point", "coordinates": [ 91.575423421685883, 25.627504160513883 ] } },
{ "type": "Feature", "properties": { "latitude": 25.543884128478815, "longitude": 91.373097865963487, "zone": "West_Khasi_Hills", "landslide_id": 377, "source": "GSI_Bhukosh_validated" }, "geometry": { "type": "Point", "coordinates": [ 91.373097865963487, 25.543884128478815 ] } },
{ "type": "Feature", "properties": { "latitude": 25.398465846467388, "longitude": 91.48996156602162, "zone": "West_Khasi_Hills", "landslide_id": 378, "source": "GSI_Bhukosh_validated" }, "geometry": { "type": "Point", "coordinates": [ 91.48996156602162, 25.398465846467388 ] } },
{ "type": "Feature", "properties": { "latitude": 25.26954520823924, "longitude": 91.600498844253906, "zone": "West_Khasi_Hills", "landslide_id": 379, "source": "GSI_Bhukosh_validated" }, "geometry": { "type": "Point", "coordinates": [ 91.600498844253906, 25.26954520823924 ] } },
{ "type": "Feature", "properties": { "latitude": 25.657042319090426, "longitude": 91.513680970454232, "zone": "West_Khasi_Hills", "landslide_id": 380, "source": "GSI_Bhukosh_validated" }, "geometry": { "type": "Point", "coordinates": [ 91.513680970454232, 25.657042319090426 ] } },
{ "type": "Feature", "properties": { "latitude": 25.617036212032559, "longitude": 91.596976078640353, "zone": "West_Khasi_Hills", "landslide_id": 381, "source": "GSI_Bhukosh_validated" }, "geometry": { "type": "Point", "coordinates": [ 91.596976078640353, 25.617036212032559 ] } },
{ "type": "Feature", "properties": { "latitude": 25.482148344519711, "longitude": 91.334278753245712, "zone": "West_Khasi_Hills", "landslide_id": 382, "source": "GSI_Bhukosh_validated" }, "geometry": { "type": "Point", "coordinates": [ 91.334278753245712, 25.482148344519711 ] } },
{ "type": "Feature", "properties": { "latitude": 25.832394659288578, "longitude": 91.530484948326489, "zone": "West_Khasi_Hills", "landslide_id": 383, "source": "GSI_Bhukosh_validated" }, "geometry": { "type": "Point", "coordinates": [ 91.530484948326489, 25.832394659288578 ] } },
{ "type": "Feature", "properties": { "latitude": 25.307384742061291, "longitude": 91.245531390557105, "zone": "West_Khasi_Hills", "landslide_id": 384, "source": "GSI_Bhukosh_validated" }, "geometry": { "type": "Point", "coordinates": [ 91.245531390557105, 25.307384742061291 ] } },
{ "type": "Feature", "properties": { "latitude": 25.225405469233547, "longitude": 91.47997930895724, "zone": "West_Khasi_Hills", "landslide_id": 385, "source": "GSI_Bhukosh_validated" }, "geometry": { "type": "Point", "coordinates": [ 91.47997930895724, 25.225405469233547 ] } },
{ "type": "Feature", "properties": { "latitude": 25.375456547421376, "longitude": 91.337296624536336, "zone": "West_Khasi_Hills", "landslide_id": 386, "source": "GSI_Bhukosh_validated" }, "geometry": { "type": "Point", "coordinates": [ 91.337296624536336, 25.375456547421376 ] } },
{ "type": "Feature", "properties": { "latitude": 25.491794517056011, "longitude": 91.367604610333842, "zone": "West_Khasi_Hills", "landslide_id": 387, "source": "GSI_Bhukosh_validated" }, "geometry": { "type": "Point", "coordinates": [ 91.367604610333842, 25.491794517056011 ] } },
{ "type": "Feature", "properties": { "latitude": 25.543801100878085, "longitude": 91.722496771537877, "zone": "West_Khasi_Hills", "landslide_id": 388, "source": "GSI_Bhukosh_validated" }, "geometry": { "type": "Point", "coordinates": [ 91.722496771537877, 25.543801100878085 ] } },
{ "type": "Feature", "properties": { "latitude": 25.456577509585859, "longitude": 91.69643582170697, "zone": "West_Khasi_Hills", "landslide_id": 389, "source": "GSI_Bhukosh_validated" }, "geometry": { "type": "Point", "coordinates": [ 91.69643582170697, 25.456577509585859 ] } },
{ "type": "Feature", "properties": { "latitude": 25.563369971372573, "longitude": 91.609644861763286, "zone": "West_Khasi_Hills", "landslide_id": 390, "source": "GSI_Bhukosh_validated" }, "geometry": { "type": "Point", "coordinates": [ 91.609644861763286, 25.563369971372573 ] } },
{ "type": "Feature", "properties": { "latitude": 25.274722903645721, "longitude": 91.303383702358943, "zone": "West_Khasi_Hills", "landslide_id": 391, "source": "GSI_Bhukosh_validated" }, "geometry": { "type": "Point", "coordinates": [ 91.303383702358943, 25.274722903645721 ] } },
{ "type": "Feature", "properties": { "latitude": 25.759877628733186, "longitude": 91.443046479054942, "zone": "West_Khasi_Hills", "landslide_id": 392, "source": "GSI_Bhukosh_validated" }, "geometry": { "type": "Point", "coordinates": [ 91.443046479054942, 25.759877628733186 ] } },
{ "type": "Feature", "properties": { "latitude": 25.485212787889338, "longitude": 91.718357585996259, "zone": "West_Khasi_Hills", "landslide_id": 393, "source": "GSI_Bhukosh_validated" }, "geometry": { "type": "Point", "coordinates": [ 91.718357585996259, 25.485212787889338 ] } },
{ "type": "Feature", "properties": { "latitude": 25.701113249685864, "longitude": 91.525509044455177, "zone": "West_Khasi_Hills", "landslide_id": 394, "source": "GSI_Bhukosh_validated" }, "geometry": { "type": "Point", "coordinates": [ 91.525509044455177, 25.701113249685864 ] } },
{ "type": "Feature", "properties": { "latitude": 25.561690562347987, "longitude": 91.917479317196708, "zone": "West_Khasi_Hills", "landslide_id": 395, "source": "GSI_Bhukosh_validated" }, "geometry": { "type": "Point", "coordinates": [ 91.917479317196708, 25.561690562347987 ] } },
{ "type": "Feature", "properties": { "latitude": 25.582215579447681, "longitude": 91.570797211090991, "zone": "West_Khasi_Hills", "landslide_id": 396, "source": "GSI_Bhukosh_validated" }, "geometry": { "type": "Point", "coordinates": [ 91.570797211090991, 25.582215579447681 ] } },
{ "type": "Feature", "properties": { "latitude": 25.602558110441798, "longitude": 91.534568840968205, "zone": "West_Khasi_Hills", "landslide_id": 397, "source": "GSI_Bhukosh_validated" }, "geometry": { "type": "Point", "coordinates": [ 91.534568840968205, 25.602558110441798 ] } },
{ "type": "Feature", "properties": { "latitude": 25.580587540803116, "longitude": 91.444359036443544, "zone": "West_Khasi_Hills", "landslide_id": 398, "source": "GSI_Bhukosh_validated" }, "geometry": { "type": "Point", "coordinates": [ 91.444359036443544, 25.580587540803116 ] } },
{ "type": "Feature", "properties": { "latitude": 25.615690096776159, "longitude": 91.52403736286081, "zone": "West_Khasi_Hills", "landslide_id": 399, "source": "GSI_Bhukosh_validated" }, "geometry": { "type": "Point", "coordinates": [ 91.52403736286081, 25.615690096776159 ] } },
{ "type": "Feature", "properties": { "latitude": 25.739247455423836, "longitude": 91.472555429451504, "zone": "West_Khasi_Hills", "landslide_id": 400, "source": "GSI_Bhukosh_validated" }, "geometry": { "type": "Point", "coordinates": [ 91.472555429451504, 25.739247455423836 ] } },
{ "type": "Feature", "properties": { "latitude": 25.535373810546265, "longitude": 91.627459561803946, "zone": "West_Khasi_Hills", "landslide_id": 401, "source": "GSI_Bhukosh_validated" }, "geometry": { "type": "Point", "coordinates": [ 91.627459561803946, 25.535373810546265 ] } },
{ "type": "Feature", "properties": { "latitude": 25.627620676365932, "longitude": 91.67220641702302, "zone": "West_Khasi_Hills", "landslide_id": 402, "source": "GSI_Bhukosh_validated" }, "geometry": { "type": "Point", "coordinates": [ 91.67220641702302, 25.627620676365932 ] } },
{ "type": "Feature", "properties": { "latitude": 25.4838475750283, "longitude": 91.358521897108574, "zone": "West_Khasi_Hills", "landslide_id": 403, "source": "GSI_Bhukosh_validated" }, "geometry": { "type": "Point", "coordinates": [ 91.358521897108574, 25.4838475750283 ] } },
{ "type": "Feature", "properties": { "latitude": 25.759221098780905, "longitude": 91.2603780683596, "zone": "West_Khasi_Hills", "landslide_id": 404, "source": "GSI_Bhukosh_validated" }, "geometry": { "type": "Point", "coordinates": [ 91.2603780683596, 25.759221098780905 ] } },
{ "type": "Feature", "properties": { "latitude": 25.378249385629331, "longitude": 91.169483032841413, "zone": "West_Khasi_Hills", "landslide_id": 405, "source": "GSI_Bhukosh_validated" }, "geometry": { "type": "Point", "coordinates": [ 91.169483032841413, 25.378249385629331 ] } },
{ "type": "Feature", "properties": { "latitude": 25.824169277923946, "longitude": 91.591438438844264, "zone": "West_Khasi_Hills", "landslide_id": 406, "source": "GSI_Bhukosh_validated" }, "geometry": { "type": "Point", "coordinates": [ 91.591438438844264, 25.824169277923946 ] } },
{ "type": "Feature", "properties": { "latitude": 25.492771568884017, "longitude": 91.3013940108887, "zone": "West_Khasi_Hills", "landslide_id": 407, "source": "GSI_Bhukosh_validated" }, "geometry": { "type": "Point", "coordinates": [ 91.3013940108887, 25.492771568884017 ] } },
{ "type": "Feature", "properties": { "latitude": 25.24246048161875, "longitude": 91.112479693268554, "zone": "West_Khasi_Hills", "landslide_id": 408, "source": "GSI_Bhukosh_validated" }, "geometry": { "type": "Point", "coordinates": [ 91.112479693268554, 25.24246048161875 ] } },
{ "type": "Feature", "properties": { "latitude": 25.523058794683941, "longitude": 91.56994414881558, "zone": "West_Khasi_Hills", "landslide_id": 409, "source": "GSI_Bhukosh_validated" }, "geometry": { "type": "Point", "coordinates": [ 91.56994414881558, 25.523058794683941 ] } },
{ "type": "Feature", "properties": { "latitude": 25.377410701654522, "longitude": 91.948739913137899, "zone": "West_Khasi_Hills", "landslide_id": 410, "source": "GSI_Bhukosh_validated" }, "geometry": { "type": "Point", "coordinates": [ 91.948739913137899, 25.377410701654522 ] } },
{ "type": "Feature", "properties": { "latitude": 25.651315838817972, "longitude": 91.498907235922815, "zone": "West_Khasi_Hills", "landslide_id": 411, "source": "GSI_Bhukosh_validated" }, "geometry": { "type": "Point", "coordinates": [ 91.498907235922815, 25.651315838817972 ] } },
{ "type": "Feature", "properties": { "latitude": 25.38252768372557, "longitude": 91.65092833940129, "zone": "West_Khasi_Hills", "landslide_id": 412, "source": "GSI_Bhukosh_validated" }, "geometry": { "type": "Point", "coordinates": [ 91.65092833940129, 25.38252768372557 ] } },
{ "type": "Feature", "properties": { "latitude": 25.419686982021339, "longitude": 91.514729284538561, "zone": "West_Khasi_Hills", "landslide_id": 413, "source": "GSI_Bhukosh_validated" }, "geometry": { "type": "Point", "coordinates": [ 91.514729284538561, 25.419686982021339 ] } },
{ "type": "Feature", "properties": { "latitude": 25.159882668429805, "longitude": 91.482199862425588, "zone": "West_Khasi_Hills", "landslide_id": 414, "source": "GSI_Bhukosh_validated" }, "geometry": { "type": "Point", "coordinates": [ 91.482199862425588, 25.159882668429805 ] } },
{ "type": "Feature", "properties": { "latitude": 25.418584862535166, "longitude": 91.665433766937795, "zone": "West_Khasi_Hills", "landslide_id": 415, "source": "GSI_Bhukosh_validated" }, "geometry": { "type": "Point", "coordinates": [ 91.665433766937795, 25.418584862535166 ] } },
{ "type": "Feature", "properties": { "latitude": 25.063701721206787, "longitude": 91.447750582046041, "zone": "West_Khasi_Hills", "landslide_id": 416, "source": "GSI_Bhukosh_validated" }, "geometry": { "type": "Point", "coordinates": [ 91.447750582046041, 25.063701721206787 ] } },
{ "type": "Feature", "properties": { "latitude": 25.214897491772568, "longitude": 91.548130616532944, "zone": "West_Khasi_Hills", "landslide_id": 417, "source": "GSI_Bhukosh_validated" }, "geometry": { "type": "Point", "coordinates": [ 91.548130616532944, 25.214897491772568 ] } },
{ "type": "Feature", "properties": { "latitude": 25.636874638105972, "longitude": 91.55790560511528, "zone": "West_Khasi_Hills", "landslide_id": 418, "source": "GSI_Bhukosh_validated" }, "geometry": { "type": "Point", "coordinates": [ 91.55790560511528, 25.636874638105972 ] } },
{ "type": "Feature", "properties": { "latitude": 25.641444028557149, "longitude": 91.379743718344258, "zone": "West_Khasi_Hills", "landslide_id": 419, "source": "GSI_Bhukosh_validated" }, "geometry": { "type": "Point", "coordinates": [ 91.379743718344258, 25.641444028557149 ] } },
{ "type": "Feature", "properties": { "latitude": 25.576582361121293, "longitude": 91.678567622916574, "zone": "West_Khasi_Hills", "landslide_id": 420, "source": "GSI_Bhukosh_validated" }, "geometry": { "type": "Point", "coordinates": [ 91.678567622916574, 25.576582361121293 ] } },
{ "type": "Feature", "properties": { "latitude": 25.325944294236741, "longitude": 91.468507243794832, "zone": "West_Khasi_Hills", "landslide_id": 421, "source": "GSI_Bhukosh_validated" }, "geometry": { "type": "Point", "coordinates": [ 91.468507243794832, 25.325944294236741 ] } },
{ "type": "Feature", "properties": { "latitude": 25.491411955894442, "longitude": 91.363965871291285, "zone": "West_Khasi_Hills", "landslide_id": 422, "source": "GSI_Bhukosh_validated" }, "geometry": { "type": "Point", "coordinates": [ 91.363965871291285, 25.491411955894442 ] } },
{ "type": "Feature", "properties": { "latitude": 25.499351542963698, "longitude": 91.596571771842676, "zone": "West_Khasi_Hills", "landslide_id": 423, "source": "GSI_Bhukosh_validated" }, "geometry": { "type": "Point", "coordinates": [ 91.596571771842676, 25.499351542963698 ] } },
{ "type": "Feature", "properties": { "latitude": 25.291494355945343, "longitude": 91.338275763277608, "zone": "West_Khasi_Hills", "landslide_id": 424, "source": "GSI_Bhukosh_validated" }, "geometry": { "type": "Point", "coordinates": [ 91.338275763277608, 25.291494355945343 ] } },
{ "type": "Feature", "properties": { "latitude": 25.770611694318088, "longitude": 91.505072608326444, "zone": "West_Khasi_Hills", "landslide_id": 425, "source": "GSI_Bhukosh_validated" }, "geometry": { "type": "Point", "coordinates": [ 91.505072608326444, 25.770611694318088 ] } },
{ "type": "Feature", "properties": { "latitude": 25.657925212303621, "longitude": 91.498358580604048, "zone": "West_Khasi_Hills", "landslide_id": 426, "source": "GSI_Bhukosh_validated" }, "geometry": { "type": "Point", "coordinates": [ 91.498358580604048, 25.657925212303621 ] } },
{ "type": "Feature", "properties": { "latitude": 25.46022644871066, "longitude": 91.695461201849682, "zone": "West_Khasi_Hills", "landslide_id": 427, "source": "GSI_Bhukosh_validated" }, "geometry": { "type": "Point", "coordinates": [ 91.695461201849682, 25.46022644871066 ] } },
{ "type": "Feature", "properties": { "latitude": 25.504839451019016, "longitude": 91.585445681918387, "zone": "West_Khasi_Hills", "landslide_id": 428, "source": "GSI_Bhukosh_validated" }, "geometry": { "type": "Point", "coordinates": [ 91.585445681918387, 25.504839451019016 ] } },
{ "type": "Feature", "properties": { "latitude": 25.53750890543056, "longitude": 91.495495147425871, "zone": "West_Khasi_Hills", "landslide_id": 429, "source": "GSI_Bhukosh_validated" }, "geometry": { "type": "Point", "coordinates": [ 91.495495147425871, 25.53750890543056 ] } },
{ "type": "Feature", "properties": { "latitude": 25.132487723683628, "longitude": 91.647197933856049, "zone": "West_Khasi_Hills", "landslide_id": 430, "source": "GSI_Bhukosh_validated" }, "geometry": { "type": "Point", "coordinates": [ 91.647197933856049, 25.132487723683628 ] } },
{ "type": "Feature", "properties": { "latitude": 25.455508071146294, "longitude": 91.750237358823114, "zone": "West_Khasi_Hills", "landslide_id": 431, "source": "GSI_Bhukosh_validated" }, "geometry": { "type": "Point", "coordinates": [ 91.750237358823114, 25.455508071146294 ] } },
{ "type": "Feature", "properties": { "latitude": 25.377242835360395, "longitude": 91.600405855143336, "zone": "West_Khasi_Hills", "landslide_id": 432, "source": "GSI_Bhukosh_validated" }, "geometry": { "type": "Point", "coordinates": [ 91.600405855143336, 25.377242835360395 ] } },
{ "type": "Feature", "properties": { "latitude": 25.319708398218914, "longitude": 91.501863471571809, "zone": "West_Khasi_Hills", "landslide_id": 433, "source": "GSI_Bhukosh_validated" }, "geometry": { "type": "Point", "coordinates": [ 91.501863471571809, 25.319708398218914 ] } },
{ "type": "Feature", "properties": { "latitude": 25.449401947280528, "longitude": 91.263869478176971, "zone": "West_Khasi_Hills", "landslide_id": 434, "source": "GSI_Bhukosh_validated" }, "geometry": { "type": "Point", "coordinates": [ 91.263869478176971, 25.449401947280528 ] } },
{ "type": "Feature", "properties": { "latitude": 25.823583574832913, "longitude": 91.308279540646438, "zone": "West_Khasi_Hills", "landslide_id": 435, "source": "GSI_Bhukosh_validated" }, "geometry": { "type": "Point", "coordinates": [ 91.308279540646438, 25.823583574832913 ] } },
{ "type": "Feature", "properties": { "latitude": 25.615351715028062, "longitude": 91.445059553216154, "zone": "West_Khasi_Hills", "landslide_id": 436, "source": "GSI_Bhukosh_validated" }, "geometry": { "type": "Point", "coordinates": [ 91.445059553216154, 25.615351715028062 ] } },
{ "type": "Feature", "properties": { "latitude": 25.397187781839097, "longitude": 91.390287803611329, "zone": "West_Khasi_Hills", "landslide_id": 437, "source": "GSI_Bhukosh_validated" }, "geometry": { "type": "Point", "coordinates": [ 91.390287803611329, 25.397187781839097 ] } },
{ "type": "Feature", "properties": { "latitude": 25.60306490064411, "longitude": 91.466345165462613, "zone": "West_Khasi_Hills", "landslide_id": 438, "source": "GSI_Bhukosh_validated" }, "geometry": { "type": "Point", "coordinates": [ 91.466345165462613, 25.60306490064411 ] } },
{ "type": "Feature", "properties": { "latitude": 25.751883978585479, "longitude": 91.510196986481475, "zone": "West_Khasi_Hills", "landslide_id": 439, "source": "GSI_Bhukosh_validated" }, "geometry": { "type": "Point", "coordinates": [ 91.510196986481475, 25.751883978585479 ] } },
{ "type": "Feature", "properties": { "latitude": 25.666434062924299, "longitude": 91.595344695784206, "zone": "West_Khasi_Hills", "landslide_id": 440, "source": "GSI_Bhukosh_validated" }, "geometry": { "type": "Point", "coordinates": [ 91.595344695784206, 25.666434062924299 ] } },
{ "type": "Feature", "properties": { "latitude": 25.510733466585631, "longitude": 91.487310219949364, "zone": "West_Khasi_Hills", "landslide_id": 441, "source": "GSI_Bhukosh_validated" }, "geometry": { "type": "Point", "coordinates": [ 91.487310219949364, 25.510733466585631 ] } },
{ "type": "Feature", "properties": { "latitude": 25.383551380012996, "longitude": 91.58757029588871, "zone": "West_Khasi_Hills", "landslide_id": 442, "source": "GSI_Bhukosh_validated" }, "geometry": { "type": "Point", "coordinates": [ 91.58757029588871, 25.383551380012996 ] } },
{ "type": "Feature", "properties": { "latitude": 25.625680196450446, "longitude": 91.511605394665821, "zone": "West_Khasi_Hills", "landslide_id": 443, "source": "GSI_Bhukosh_validated" }, "geometry": { "type": "Point", "coordinates": [ 91.511605394665821, 25.625680196450446 ] } },
{ "type": "Feature", "properties": { "latitude": 25.570827369375916, "longitude": 91.144416018056305, "zone": "West_Khasi_Hills", "landslide_id": 444, "source": "GSI_Bhukosh_validated" }, "geometry": { "type": "Point", "coordinates": [ 91.144416018056305, 25.570827369375916 ] } },
{ "type": "Feature", "properties": { "latitude": 25.661134779604993, "longitude": 91.330919629112628, "zone": "West_Khasi_Hills", "landslide_id": 445, "source": "GSI_Bhukosh_validated" }, "geometry": { "type": "Point", "coordinates": [ 91.330919629112628, 25.661134779604993 ] } },
{ "type": "Feature", "properties": { "latitude": 25.614330924302756, "longitude": 91.474064239970104, "zone": "West_Khasi_Hills", "landslide_id": 446, "source": "GSI_Bhukosh_validated" }, "geometry": { "type": "Point", "coordinates": [ 91.474064239970104, 25.614330924302756 ] } },
{ "type": "Feature", "properties": { "latitude": 25.688919488757481, "longitude": 91.282254946288603, "zone": "West_Khasi_Hills", "landslide_id": 447, "source": "GSI_Bhukosh_validated" }, "geometry": { "type": "Point", "coordinates": [ 91.282254946288603, 25.688919488757481 ] } },
{ "type": "Feature", "properties": { "latitude": 25.403657661919098, "longitude": 91.607987171399316, "zone": "West_Khasi_Hills", "landslide_id": 448, "source": "GSI_Bhukosh_validated" }, "geometry": { "type": "Point", "coordinates": [ 91.607987171399316, 25.403657661919098 ] } },
{ "type": "Feature", "properties": { "latitude": 25.737130931814178, "longitude": 91.775535149821863, "zone": "West_Khasi_Hills", "landslide_id": 449, "source": "GSI_Bhukosh_validated" }, "geometry": { "type": "Point", "coordinates": [ 91.775535149821863, 25.737130931814178 ] } },
{ "type": "Feature", "properties": { "latitude": 25.535567928844632, "longitude": 91.719377133305514, "zone": "West_Khasi_Hills", "landslide_id": 450, "source": "GSI_Bhukosh_validated" }, "geometry": { "type": "Point", "coordinates": [ 91.719377133305514, 25.535567928844632 ] } },
{ "type": "Feature", "properties": { "latitude": 25.873546957072548, "longitude": 91.461580283232564, "zone": "West_Khasi_Hills", "landslide_id": 451, "source": "GSI_Bhukosh_validated" }, "geometry": { "type": "Point", "coordinates": [ 91.461580283232564, 25.873546957072548 ] } },
{ "type": "Feature", "properties": { "latitude": 25.375946192743879, "longitude": 91.768330704632987, "zone": "West_Khasi_Hills", "landslide_id": 452, "source": "GSI_Bhukosh_validated" }, "geometry": { "type": "Point", "coordinates": [ 91.768330704632987, 25.375946192743879 ] } },
{ "type": "Feature", "properties": { "latitude": 25.812473484569743, "longitude": 91.526760142296382, "zone": "West_Khasi_Hills", "landslide_id": 453, "source": "GSI_Bhukosh_validated" }, "geometry": { "type": "Point", "coordinates": [ 91.526760142296382, 25.812473484569743 ] } },
{ "type": "Feature", "properties": { "latitude": 25.535623941023278, "longitude": 91.439324525198757, "zone": "West_Khasi_Hills", "landslide_id": 454, "source": "GSI_Bhukosh_validated" }, "geometry": { "type": "Point", "coordinates": [ 91.439324525198757, 25.535623941023278 ] } },
{ "type": "Feature", "properties": { "latitude": 25.3827447593494, "longitude": 91.389587520562628, "zone": "West_Khasi_Hills", "landslide_id": 455, "source": "GSI_Bhukosh_validated" }, "geometry": { "type": "Point", "coordinates": [ 91.389587520562628, 25.3827447593494 ] } },
{ "type": "Feature", "properties": { "latitude": 25.412900549870223, "longitude": 91.445555456432132, "zone": "West_Khasi_Hills", "landslide_id": 456, "source": "GSI_Bhukosh_validated" }, "geometry": { "type": "Point", "coordinates": [ 91.445555456432132, 25.412900549870223 ] } },
{ "type": "Feature", "properties": { "latitude": 25.442337484525023, "longitude": 91.430128172662577, "zone": "West_Khasi_Hills", "landslide_id": 457, "source": "GSI_Bhukosh_validated" }, "geometry": { "type": "Point", "coordinates": [ 91.430128172662577, 25.442337484525023 ] } },
{ "type": "Feature", "properties": { "latitude": 25.576349870352345, "longitude": 91.530674920027593, "zone": "West_Khasi_Hills", "landslide_id": 458, "source": "GSI_Bhukosh_validated" }, "geometry": { "type": "Point", "coordinates": [ 91.530674920027593, 25.576349870352345 ] } },
{ "type": "Feature", "properties": { "latitude": 25.594110387846388, "longitude": 91.52890331658898, "zone": "West_Khasi_Hills", "landslide_id": 459, "source": "GSI_Bhukosh_validated" }, "geometry": { "type": "Point", "coordinates": [ 91.52890331658898, 25.594110387846388 ] } },
{ "type": "Feature", "properties": { "latitude": 25.396733999291055, "longitude": 91.500548283627609, "zone": "West_Khasi_Hills", "landslide_id": 460, "source": "GSI_Bhukosh_validated" }, "geometry": { "type": "Point", "coordinates": [ 91.500548283627609, 25.396733999291055 ] } },
{ "type": "Feature", "properties": { "latitude": 25.495616173393024, "longitude": 91.578648870554346, "zone": "West_Khasi_Hills", "landslide_id": 461, "source": "GSI_Bhukosh_validated" }, "geometry": { "type": "Point", "coordinates": [ 91.578648870554346, 25.495616173393024 ] } },
{ "type": "Feature", "properties": { "latitude": 25.885608664550137, "longitude": 91.714316329461539, "zone": "West_Khasi_Hills", "landslide_id": 462, "source": "GSI_Bhukosh_validated" }, "geometry": { "type": "Point", "coordinates": [ 91.714316329461539, 25.885608664550137 ] } },
{ "type": "Feature", "properties": { "latitude": 25.810957770618128, "longitude": 91.670919744379432, "zone": "West_Khasi_Hills", "landslide_id": 463, "source": "GSI_Bhukosh_validated" }, "geometry": { "type": "Point", "coordinates": [ 91.670919744379432, 25.810957770618128 ] } },
{ "type": "Feature", "properties": { "latitude": 25.578538260541325, "longitude": 91.23271836567902, "zone": "West_Khasi_Hills", "landslide_id": 464, "source": "GSI_Bhukosh_validated" }, "geometry": { "type": "Point", "coordinates": [ 91.23271836567902, 25.578538260541325 ] } },
{ "type": "Feature", "properties": { "latitude": 25.506840626070275, "longitude": 91.040294195717649, "zone": "West_Khasi_Hills", "landslide_id": 465, "source": "GSI_Bhukosh_validated" }, "geometry": { "type": "Point", "coordinates": [ 91.040294195717649, 25.506840626070275 ] } },
{ "type": "Feature", "properties": { "latitude": 25.521605638809287, "longitude": 91.66817758402307, "zone": "West_Khasi_Hills", "landslide_id": 466, "source": "GSI_Bhukosh_validated" }, "geometry": { "type": "Point", "coordinates": [ 91.66817758402307, 25.521605638809287 ] } },
{ "type": "Feature", "properties": { "latitude": 25.610433235091474, "longitude": 91.253961834285221, "zone": "West_Khasi_Hills", "landslide_id": 467, "source": "GSI_Bhukosh_validated" }, "geometry": { "type": "Point", "coordinates": [ 91.253961834285221, 25.610433235091474 ] } },
{ "type": "Feature", "properties": { "latitude": 25.315897338264286, "longitude": 91.459542227659313, "zone": "West_Khasi_Hills", "landslide_id": 468, "source": "GSI_Bhukosh_validated" }, "geometry": { "type": "Point", "coordinates": [ 91.459542227659313, 25.315897338264286 ] } },
{ "type": "Feature", "properties": { "latitude": 25.453672223263798, "longitude": 91.289379655309318, "zone": "West_Khasi_Hills", "landslide_id": 469, "source": "GSI_Bhukosh_validated" }, "geometry": { "type": "Point", "coordinates": [ 91.289379655309318, 25.453672223263798 ] } },
{ "type": "Feature", "properties": { "latitude": 25.199654866702033, "longitude": 91.1756435212356, "zone": "West_Khasi_Hills", "landslide_id": 470, "source": "GSI_Bhukosh_validated" }, "geometry": { "type": "Point", "coordinates": [ 91.1756435212356, 25.199654866702033 ] } },
{ "type": "Feature", "properties": { "latitude": 25.571860162068951, "longitude": 91.597463291076863, "zone": "West_Khasi_Hills", "landslide_id": 471, "source": "GSI_Bhukosh_validated" }, "geometry": { "type": "Point", "coordinates": [ 91.597463291076863, 25.571860162068951 ] } },
{ "type": "Feature", "properties": { "latitude": 25.616495269146494, "longitude": 91.636647928854472, "zone": "West_Khasi_Hills", "landslide_id": 472, "source": "GSI_Bhukosh_validated" }, "geometry": { "type": "Point", "coordinates": [ 91.636647928854472, 25.616495269146494 ] } },
{ "type": "Feature", "properties": { "latitude": 25.413026436786112, "longitude": 91.396228127869193, "zone": "West_Khasi_Hills", "landslide_id": 473, "source": "GSI_Bhukosh_validated" }, "geometry": { "type": "Point", "coordinates": [ 91.396228127869193, 25.413026436786112 ] } },
{ "type": "Feature", "properties": { "latitude": 25.783317617392207, "longitude": 91.03361238741391, "zone": "West_Khasi_Hills", "landslide_id": 474, "source": "GSI_Bhukosh_validated" }, "geometry": { "type": "Point", "coordinates": [ 91.03361238741391, 25.783317617392207 ] } },
{ "type": "Feature", "properties": { "latitude": 25.279362180659579, "longitude": 91.401675999314548, "zone": "West_Khasi_Hills", "landslide_id": 475, "source": "GSI_Bhukosh_validated" }, "geometry": { "type": "Point", "coordinates": [ 91.401675999314548, 25.279362180659579 ] } },
{ "type": "Feature", "properties": { "latitude": 25.236412521562233, "longitude": 91.570524720972458, "zone": "West_Khasi_Hills", "landslide_id": 476, "source": "GSI_Bhukosh_validated" }, "geometry": { "type": "Point", "coordinates": [ 91.570524720972458, 25.236412521562233 ] } },
{ "type": "Feature", "properties": { "latitude": 25.540401327340795, "longitude": 91.233795917620654, "zone": "West_Khasi_Hills", "landslide_id": 477, "source": "GSI_Bhukosh_validated" }, "geometry": { "type": "Point", "coordinates": [ 91.233795917620654, 25.540401327340795 ] } },
{ "type": "Feature", "properties": { "latitude": 25.688477694470187, "longitude": 91.533004785560252, "zone": "West_Khasi_Hills", "landslide_id": 478, "source": "GSI_Bhukosh_validated" }, "geometry": { "type": "Point", "coordinates": [ 91.533004785560252, 25.688477694470187 ] } },
{ "type": "Feature", "properties": { "latitude": 25.803106984462417, "longitude": 91.497244227148855, "zone": "West_Khasi_Hills", "landslide_id": 479, "source": "GSI_Bhukosh_validated" }, "geometry": { "type": "Point", "coordinates": [ 91.497244227148855, 25.803106984462417 ] } },
{ "type": "Feature", "properties": { "latitude": 25.41740083268359, "longitude": 91.604272469928191, "zone": "West_Khasi_Hills", "landslide_id": 480, "source": "GSI_Bhukosh_validated" }, "geometry": { "type": "Point", "coordinates": [ 91.604272469928191, 25.41740083268359 ] } },
{ "type": "Feature", "properties": { "latitude": 25.694162550017634, "longitude": 91.521524466314546, "zone": "West_Khasi_Hills", "landslide_id": 481, "source": "GSI_Bhukosh_validated" }, "geometry": { "type": "Point", "coordinates": [ 91.521524466314546, 25.694162550017634 ] } },
{ "type": "Feature", "properties": { "latitude": 25.493068475489874, "longitude": 91.324847590641326, "zone": "West_Khasi_Hills", "landslide_id": 482, "source": "GSI_Bhukosh_validated" }, "geometry": { "type": "Point", "coordinates": [ 91.324847590641326, 25.493068475489874 ] } },
{ "type": "Feature", "properties": { "latitude": 25.468927086010652, "longitude": 91.715382870299607, "zone": "West_Khasi_Hills", "landslide_id": 483, "source": "GSI_Bhukosh_validated" }, "geometry": { "type": "Point", "coordinates": [ 91.715382870299607, 25.468927086010652 ] } },
{ "type": "Feature", "properties": { "latitude": 25.6590587887476, "longitude": 91.471464676855149, "zone": "West_Khasi_Hills", "landslide_id": 484, "source": "GSI_Bhukosh_validated" }, "geometry": { "type": "Point", "coordinates": [ 91.471464676855149, 25.6590587887476 ] } },
{ "type": "Feature", "properties": { "latitude": 25.617418118114415, "longitude": 91.495085182888218, "zone": "West_Khasi_Hills", "landslide_id": 485, "source": "GSI_Bhukosh_validated" }, "geometry": { "type": "Point", "coordinates": [ 91.495085182888218, 25.617418118114415 ] } },
{ "type": "Feature", "properties": { "latitude": 25.216249411742837, "longitude": 91.332011767366822, "zone": "West_Khasi_Hills", "landslide_id": 486, "source": "GSI_Bhukosh_validated" }, "geometry": { "type": "Point", "coordinates": [ 91.332011767366822, 25.216249411742837 ] } },
{ "type": "Feature", "properties": { "latitude": 25.76577726295066, "longitude": 91.420209194785528, "zone": "West_Khasi_Hills", "landslide_id": 487, "source": "GSI_Bhukosh_validated" }, "geometry": { "type": "Point", "coordinates": [ 91.420209194785528, 25.76577726295066 ] } },
{ "type": "Feature", "properties": { "latitude": 25.748416443746542, "longitude": 91.34073551147516, "zone": "West_Khasi_Hills", "landslide_id": 488, "source": "GSI_Bhukosh_validated" }, "geometry": { "type": "Point", "coordinates": [ 91.34073551147516, 25.748416443746542 ] } },
{ "type": "Feature", "properties": { "latitude": 25.387398713728285, "longitude": 91.468869709213777, "zone": "West_Khasi_Hills", "landslide_id": 489, "source": "GSI_Bhukosh_validated" }, "geometry": { "type": "Point", "coordinates": [ 91.468869709213777, 25.387398713728285 ] } },
{ "type": "Feature", "properties": { "latitude": 25.571244636018733, "longitude": 91.808107526425616, "zone": "West_Khasi_Hills", "landslide_id": 490, "source": "GSI_Bhukosh_validated" }, "geometry": { "type": "Point", "coordinates": [ 91.808107526425616, 25.571244636018733 ] } },
{ "type": "Feature", "properties": { "latitude": 25.588925433530893, "longitude": 91.253057794272351, "zone": "West_Khasi_Hills", "landslide_id": 491, "source": "GSI_Bhukosh_validated" }, "geometry": { "type": "Point", "coordinates": [ 91.253057794272351, 25.588925433530893 ] } },
{ "type": "Feature", "properties": { "latitude": 25.546921277848302, "longitude": 91.209558948382181, "zone": "West_Khasi_Hills", "landslide_id": 492, "source": "GSI_Bhukosh_validated" }, "geometry": { "type": "Point", "coordinates": [ 91.209558948382181, 25.546921277848302 ] } },
{ "type": "Feature", "properties": { "latitude": 25.400945072307824, "longitude": 91.764810658948846, "zone": "West_Khasi_Hills", "landslide_id": 493, "source": "GSI_Bhukosh_validated" }, "geometry": { "type": "Point", "coordinates": [ 91.764810658948846, 25.400945072307824 ] } },
{ "type": "Feature", "properties": { "latitude": 25.379107793771151, "longitude": 91.462321738112664, "zone": "West_Khasi_Hills", "landslide_id": 494, "source": "GSI_Bhukosh_validated" }, "geometry": { "type": "Point", "coordinates": [ 91.462321738112664, 25.379107793771151 ] } },
{ "type": "Feature", "properties": { "latitude": 25.495400267221541, "longitude": 91.379566907041209, "zone": "West_Khasi_Hills", "landslide_id": 495, "source": "GSI_Bhukosh_validated" }, "geometry": { "type": "Point", "coordinates": [ 91.379566907041209, 25.495400267221541 ] } },
{ "type": "Feature", "properties": { "latitude": 25.711091223466685, "longitude": 91.687182843731293, "zone": "West_Khasi_Hills", "landslide_id": 496, "source": "GSI_Bhukosh_validated" }, "geometry": { "type": "Point", "coordinates": [ 91.687182843731293, 25.711091223466685 ] } },
{ "type": "Feature", "properties": { "latitude": 25.597848027826998, "longitude": 91.390989202847365, "zone": "West_Khasi_Hills", "landslide_id": 497, "source": "GSI_Bhukosh_validated" }, "geometry": { "type": "Point", "coordinates": [ 91.390989202847365, 25.597848027826998 ] } },
{ "type": "Feature", "properties": { "latitude": 25.433289420224501, "longitude": 91.828681748438441, "zone": "West_Khasi_Hills", "landslide_id": 498, "source": "GSI_Bhukosh_validated" }, "geometry": { "type": "Point", "coordinates": [ 91.828681748438441, 25.433289420224501 ] } },
{ "type": "Feature", "properties": { "latitude": 25.6389057679167, "longitude": 91.622026656841072, "zone": "West_Khasi_Hills", "landslide_id": 499, "source": "GSI_Bhukosh_validated" }, "geometry": { "type": "Point", "coordinates": [ 91.622026656841072, 25.6389057679167 ] } },
{ "type": "Feature", "properties": { "latitude": 25.706777826066979, "longitude": 91.888315478387796, "zone": "West_Khasi_Hills", "landslide_id": 500, "source": "GSI_Bhukosh_validated" }, "geometry": { "type": "Point", "coordinates": [ 91.888315478387796, 25.706777826066979 ] } },
{ "type": "Feature", "properties": { "latitude": 25.186851519819943, "longitude": 91.390971313859396, "zone": "West_Khasi_Hills", "landslide_id": 501, "source": "GSI_Bhukosh_validated" }, "geometry": { "type": "Point", "coordinates": [ 91.390971313859396, 25.186851519819943 ] } },
{ "type": "Feature", "properties": { "latitude": 25.434760630547437, "longitude": 91.633577166961672, "zone": "West_Khasi_Hills", "landslide_id": 502, "source": "GSI_Bhukosh_validated" }, "geometry": { "type": "Point", "coordinates": [ 91.633577166961672, 25.434760630547437 ] } },
{ "type": "Feature", "properties": { "latitude": 25.298459418967294, "longitude": 91.553872664473175, "zone": "West_Khasi_Hills", "landslide_id": 503, "source": "GSI_Bhukosh_validated" }, "geometry": { "type": "Point", "coordinates": [ 91.553872664473175, 25.298459418967294 ] } },
{ "type": "Feature", "properties": { "latitude": 25.266957334370236, "longitude": 91.734313432091781, "zone": "West_Khasi_Hills", "landslide_id": 504, "source": "GSI_Bhukosh_validated" }, "geometry": { "type": "Point", "coordinates": [ 91.734313432091781, 25.266957334370236 ] } },
{ "type": "Feature", "properties": { "latitude": 25.708948821728132, "longitude": 91.781072015410828, "zone": "West_Khasi_Hills", "landslide_id": 505, "source": "GSI_Bhukosh_validated" }, "geometry": { "type": "Point", "coordinates": [ 91.781072015410828, 25.708948821728132 ] } },
{ "type": "Feature", "properties": { "latitude": 25.415813783763859, "longitude": 91.505760746831839, "zone": "West_Khasi_Hills", "landslide_id": 506, "source": "GSI_Bhukosh_validated" }, "geometry": { "type": "Point", "coordinates": [ 91.505760746831839, 25.415813783763859 ] } },
{ "type": "Feature", "properties": { "latitude": 25.562370698711529, "longitude": 91.364384783337684, "zone": "West_Khasi_Hills", "landslide_id": 507, "source": "GSI_Bhukosh_validated" }, "geometry": { "type": "Point", "coordinates": [ 91.364384783337684, 25.562370698711529 ] } },
{ "type": "Feature", "properties": { "latitude": 25.491554295801748, "longitude": 91.582794985729038, "zone": "West_Khasi_Hills", "landslide_id": 508, "source": "GSI_Bhukosh_validated" }, "geometry": { "type": "Point", "coordinates": [ 91.582794985729038, 25.491554295801748 ] } },
{ "type": "Feature", "properties": { "latitude": 25.585867348900162, "longitude": 91.378011233444624, "zone": "West_Khasi_Hills", "landslide_id": 509, "source": "GSI_Bhukosh_validated" }, "geometry": { "type": "Point", "coordinates": [ 91.378011233444624, 25.585867348900162 ] } },
{ "type": "Feature", "properties": { "latitude": 25.513827940390847, "longitude": 91.862409704554793, "zone": "West_Khasi_Hills", "landslide_id": 510, "source": "GSI_Bhukosh_validated" }, "geometry": { "type": "Point", "coordinates": [ 91.862409704554793, 25.513827940390847 ] } },
{ "type": "Feature", "properties": { "latitude": 25.269061399646059, "longitude": 91.524576359594889, "zone": "West_Khasi_Hills", "landslide_id": 511, "source": "GSI_Bhukosh_validated" }, "geometry": { "type": "Point", "coordinates": [ 91.524576359594889, 25.269061399646059 ] } },
{ "type": "Feature", "properties": { "latitude": 25.679328027500485, "longitude": 91.434242120763827, "zone": "West_Khasi_Hills", "landslide_id": 512, "source": "GSI_Bhukosh_validated" }, "geometry": { "type": "Point", "coordinates": [ 91.434242120763827, 25.679328027500485 ] } },
{ "type": "Feature", "properties": { "latitude": 25.411123815030965, "longitude": 91.533242455055685, "zone": "West_Khasi_Hills", "landslide_id": 513, "source": "GSI_Bhukosh_validated" }, "geometry": { "type": "Point", "coordinates": [ 91.533242455055685, 25.411123815030965 ] } },
{ "type": "Feature", "properties": { "latitude": 25.219815258241244, "longitude": 91.257517267884651, "zone": "West_Khasi_Hills", "landslide_id": 514, "source": "GSI_Bhukosh_validated" }, "geometry": { "type": "Point", "coordinates": [ 91.257517267884651, 25.219815258241244 ] } },
{ "type": "Feature", "properties": { "latitude": 25.422939271026134, "longitude": 91.325109473068082, "zone": "West_Khasi_Hills", "landslide_id": 515, "source": "GSI_Bhukosh_validated" }, "geometry": { "type": "Point", "coordinates": [ 91.325109473068082, 25.422939271026134 ] } },
{ "type": "Feature", "properties": { "latitude": 25.770136762314177, "longitude": 91.716074503429994, "zone": "West_Khasi_Hills", "landslide_id": 516, "source": "GSI_Bhukosh_validated" }, "geometry": { "type": "Point", "coordinates": [ 91.716074503429994, 25.770136762314177 ] } },
{ "type": "Feature", "properties": { "latitude": 25.653039913580429, "longitude": 91.381759029785144, "zone": "West_Khasi_Hills", "landslide_id": 517, "source": "GSI_Bhukosh_validated" }, "geometry": { "type": "Point", "coordinates": [ 91.381759029785144, 25.653039913580429 ] } },
{ "type": "Feature", "properties": { "latitude": 25.437242615806586, "longitude": 91.311556023117248, "zone": "West_Khasi_Hills", "landslide_id": 518, "source": "GSI_Bhukosh_validated" }, "geometry": { "type": "Point", "coordinates": [ 91.311556023117248, 25.437242615806586 ] } },
{ "type": "Feature", "properties": { "latitude": 25.437133613222684, "longitude": 91.596597495454915, "zone": "West_Khasi_Hills", "landslide_id": 519, "source": "GSI_Bhukosh_validated" }, "geometry": { "type": "Point", "coordinates": [ 91.596597495454915, 25.437133613222684 ] } },
{ "type": "Feature", "properties": { "latitude": 25.44210569078087, "longitude": 91.713426747839335, "zone": "West_Khasi_Hills", "landslide_id": 520, "source": "GSI_Bhukosh_validated" }, "geometry": { "type": "Point", "coordinates": [ 91.713426747839335, 25.44210569078087 ] } },
{ "type": "Feature", "properties": { "latitude": 25.873814637040951, "longitude": 91.629411595919706, "zone": "West_Khasi_Hills", "landslide_id": 521, "source": "GSI_Bhukosh_validated" }, "geometry": { "type": "Point", "coordinates": [ 91.629411595919706, 25.873814637040951 ] } },
{ "type": "Feature", "properties": { "latitude": 25.568748381401679, "longitude": 91.679288583445043, "zone": "West_Khasi_Hills", "landslide_id": 522, "source": "GSI_Bhukosh_validated" }, "geometry": { "type": "Point", "coordinates": [ 91.679288583445043, 25.568748381401679 ] } },
{ "type": "Feature", "properties": { "latitude": 25.577407496494391, "longitude": 91.363776884057501, "zone": "West_Khasi_Hills", "landslide_id": 523, "source": "GSI_Bhukosh_validated" }, "geometry": { "type": "Point", "coordinates": [ 91.363776884057501, 25.577407496494391 ] } },
{ "type": "Feature", "properties": { "latitude": 25.685451021725733, "longitude": 91.244074079986461, "zone": "West_Khasi_Hills", "landslide_id": 524, "source": "GSI_Bhukosh_validated" }, "geometry": { "type": "Point", "coordinates": [ 91.244074079986461, 25.685451021725733 ] } },
{ "type": "Feature", "properties": { "latitude": 25.542982048624772, "longitude": 91.770240057351984, "zone": "West_Khasi_Hills", "landslide_id": 525, "source": "GSI_Bhukosh_validated" }, "geometry": { "type": "Point", "coordinates": [ 91.770240057351984, 25.542982048624772 ] } },
{ "type": "Feature", "properties": { "latitude": 25.453372413752273, "longitude": 91.441917629008415, "zone": "West_Khasi_Hills", "landslide_id": 526, "source": "GSI_Bhukosh_validated" }, "geometry": { "type": "Point", "coordinates": [ 91.441917629008415, 25.453372413752273 ] } },
{ "type": "Feature", "properties": { "latitude": 25.464657027164705, "longitude": 91.454850057038087, "zone": "West_Khasi_Hills", "landslide_id": 527, "source": "GSI_Bhukosh_validated" }, "geometry": { "type": "Point", "coordinates": [ 91.454850057038087, 25.464657027164705 ] } },
{ "type": "Feature", "properties": { "latitude": 25.487111773305468, "longitude": 91.739074945532835, "zone": "West_Khasi_Hills", "landslide_id": 528, "source": "GSI_Bhukosh_validated" }, "geometry": { "type": "Point", "coordinates": [ 91.739074945532835, 25.487111773305468 ] } },
{ "type": "Feature", "properties": { "latitude": 25.493299997428227, "longitude": 91.600121401692121, "zone": "West_Khasi_Hills", "landslide_id": 529, "source": "GSI_Bhukosh_validated" }, "geometry": { "type": "Point", "coordinates": [ 91.600121401692121, 25.493299997428227 ] } },
{ "type": "Feature", "properties": { "latitude": 25.630973317854657, "longitude": 91.582059798974683, "zone": "West_Khasi_Hills", "landslide_id": 530, "source": "GSI_Bhukosh_validated" }, "geometry": { "type": "Point", "coordinates": [ 91.582059798974683, 25.630973317854657 ] } },
{ "type": "Feature", "properties": { "latitude": 25.509350259445313, "longitude": 91.8897004220822, "zone": "West_Khasi_Hills", "landslide_id": 531, "source": "GSI_Bhukosh_validated" }, "geometry": { "type": "Point", "coordinates": [ 91.8897004220822, 25.509350259445313 ] } },
{ "type": "Feature", "properties": { "latitude": 25.631875213898805, "longitude": 91.384166718531574, "zone": "West_Khasi_Hills", "landslide_id": 532, "source": "GSI_Bhukosh_validated" }, "geometry": { "type": "Point", "coordinates": [ 91.384166718531574, 25.631875213898805 ] } },
{ "type": "Feature", "properties": { "latitude": 25.485471015580455, "longitude": 91.667011223054629, "zone": "West_Khasi_Hills", "landslide_id": 533, "source": "GSI_Bhukosh_validated" }, "geometry": { "type": "Point", "coordinates": [ 91.667011223054629, 25.485471015580455 ] } },
{ "type": "Feature", "properties": { "latitude": 25.514154334256897, "longitude": 91.51026236248147, "zone": "West_Khasi_Hills", "landslide_id": 534, "source": "GSI_Bhukosh_validated" }, "geometry": { "type": "Point", "coordinates": [ 91.51026236248147, 25.514154334256897 ] } },
{ "type": "Feature", "properties": { "latitude": 25.140323876784219, "longitude": 91.548346610195381, "zone": "West_Khasi_Hills", "landslide_id": 535, "source": "GSI_Bhukosh_validated" }, "geometry": { "type": "Point", "coordinates": [ 91.548346610195381, 25.140323876784219 ] } },
{ "type": "Feature", "properties": { "latitude": 25.664938981446447, "longitude": 91.775124316754258, "zone": "West_Khasi_Hills", "landslide_id": 536, "source": "GSI_Bhukosh_validated" }, "geometry": { "type": "Point", "coordinates": [ 91.775124316754258, 25.664938981446447 ] } },
{ "type": "Feature", "properties": { "latitude": 25.56236792566164, "longitude": 91.591410436132136, "zone": "West_Khasi_Hills", "landslide_id": 537, "source": "GSI_Bhukosh_validated" }, "geometry": { "type": "Point", "coordinates": [ 91.591410436132136, 25.56236792566164 ] } },
{ "type": "Feature", "properties": { "latitude": 25.679641819774737, "longitude": 91.596893294228934, "zone": "West_Khasi_Hills", "landslide_id": 538, "source": "GSI_Bhukosh_validated" }, "geometry": { "type": "Point", "coordinates": [ 91.596893294228934, 25.679641819774737 ] } },
{ "type": "Feature", "properties": { "latitude": 25.875907446860531, "longitude": 91.434308508682278, "zone": "West_Khasi_Hills", "landslide_id": 539, "source": "GSI_Bhukosh_validated" }, "geometry": { "type": "Point", "coordinates": [ 91.434308508682278, 25.875907446860531 ] } },
{ "type": "Feature", "properties": { "latitude": 25.474873866932068, "longitude": 91.348942259878982, "zone": "West_Khasi_Hills", "landslide_id": 540, "source": "GSI_Bhukosh_validated" }, "geometry": { "type": "Point", "coordinates": [ 91.348942259878982, 25.474873866932068 ] } },
{ "type": "Feature", "properties": { "latitude": 25.699472907012751, "longitude": 91.31193434507621, "zone": "West_Khasi_Hills", "landslide_id": 541, "source": "GSI_Bhukosh_validated" }, "geometry": { "type": "Point", "coordinates": [ 91.31193434507621, 25.699472907012751 ] } },
{ "type": "Feature", "properties": { "latitude": 25.312816933117404, "longitude": 91.146055813912326, "zone": "West_Khasi_Hills", "landslide_id": 542, "source": "GSI_Bhukosh_validated" }, "geometry": { "type": "Point", "coordinates": [ 91.146055813912326, 25.312816933117404 ] } },
{ "type": "Feature", "properties": { "latitude": 25.610299302911262, "longitude": 91.870117283389263, "zone": "West_Khasi_Hills", "landslide_id": 543, "source": "GSI_Bhukosh_validated" }, "geometry": { "type": "Point", "coordinates": [ 91.870117283389263, 25.610299302911262 ] } },
{ "type": "Feature", "properties": { "latitude": 25.31038519862874, "longitude": 91.301422494170097, "zone": "West_Khasi_Hills", "landslide_id": 544, "source": "GSI_Bhukosh_validated" }, "geometry": { "type": "Point", "coordinates": [ 91.301422494170097, 25.31038519862874 ] } },
{ "type": "Feature", "properties": { "latitude": 25.387721587074754, "longitude": 91.46017434775456, "zone": "West_Khasi_Hills", "landslide_id": 545, "source": "GSI_Bhukosh_validated" }, "geometry": { "type": "Point", "coordinates": [ 91.46017434775456, 25.387721587074754 ] } },
{ "type": "Feature", "properties": { "latitude": 25.84452564369602, "longitude": 91.450173606019987, "zone": "West_Khasi_Hills", "landslide_id": 546, "source": "GSI_Bhukosh_validated" }, "geometry": { "type": "Point", "coordinates": [ 91.450173606019987, 25.84452564369602 ] } },
{ "type": "Feature", "properties": { "latitude": 25.465677167862598, "longitude": 91.555333205605635, "zone": "West_Khasi_Hills", "landslide_id": 547, "source": "GSI_Bhukosh_validated" }, "geometry": { "type": "Point", "coordinates": [ 91.555333205605635, 25.465677167862598 ] } },
{ "type": "Feature", "properties": { "latitude": 25.539137917172351, "longitude": 91.646832698257072, "zone": "West_Khasi_Hills", "landslide_id": 548, "source": "GSI_Bhukosh_validated" }, "geometry": { "type": "Point", "coordinates": [ 91.646832698257072, 25.539137917172351 ] } },
{ "type": "Feature", "properties": { "latitude": 25.656612191523976, "longitude": 91.654885227904757, "zone": "West_Khasi_Hills", "landslide_id": 549, "source": "GSI_Bhukosh_validated" }, "geometry": { "type": "Point", "coordinates": [ 91.654885227904757, 25.656612191523976 ] } },
{ "type": "Feature", "properties": { "latitude": 25.589222739835069, "longitude": 91.395046061057585, "zone": "West_Khasi_Hills", "landslide_id": 550, "source": "GSI_Bhukosh_validated" }, "geometry": { "type": "Point", "coordinates": [ 91.395046061057585, 25.589222739835069 ] } },
{ "type": "Feature", "properties": { "latitude": 25.527075402925842, "longitude": 91.469918091518451, "zone": "West_Khasi_Hills", "landslide_id": 551, "source": "GSI_Bhukosh_validated" }, "geometry": { "type": "Point", "coordinates": [ 91.469918091518451, 25.527075402925842 ] } },
{ "type": "Feature", "properties": { "latitude": 25.56569298044392, "longitude": 91.550864391087899, "zone": "West_Khasi_Hills", "landslide_id": 552, "source": "GSI_Bhukosh_validated" }, "geometry": { "type": "Point", "coordinates": [ 91.550864391087899, 25.56569298044392 ] } },
{ "type": "Feature", "properties": { "latitude": 25.93261480534289, "longitude": 91.455235597286958, "zone": "West_Khasi_Hills", "landslide_id": 553, "source": "GSI_Bhukosh_validated" }, "geometry": { "type": "Point", "coordinates": [ 91.455235597286958, 25.93261480534289 ] } },
{ "type": "Feature", "properties": { "latitude": 25.489628616533956, "longitude": 91.789322203683597, "zone": "West_Khasi_Hills", "landslide_id": 554, "source": "GSI_Bhukosh_validated" }, "geometry": { "type": "Point", "coordinates": [ 91.789322203683597, 25.489628616533956 ] } },
{ "type": "Feature", "properties": { "latitude": 25.536197828408696, "longitude": 91.588375491294883, "zone": "West_Khasi_Hills", "landslide_id": 555, "source": "GSI_Bhukosh_validated" }, "geometry": { "type": "Point", "coordinates": [ 91.588375491294883, 25.536197828408696 ] } },
{ "type": "Feature", "properties": { "latitude": 25.689117791281369, "longitude": 91.63227800148897, "zone": "West_Khasi_Hills", "landslide_id": 556, "source": "GSI_Bhukosh_validated" }, "geometry": { "type": "Point", "coordinates": [ 91.63227800148897, 25.689117791281369 ] } },
{ "type": "Feature", "properties": { "latitude": 25.698994667932435, "longitude": 91.619318628360134, "zone": "West_Khasi_Hills", "landslide_id": 557, "source": "GSI_Bhukosh_validated" }, "geometry": { "type": "Point", "coordinates": [ 91.619318628360134, 25.698994667932435 ] } },
{ "type": "Feature", "properties": { "latitude": 25.713665455000868, "longitude": 91.711225294347358, "zone": "West_Khasi_Hills", "landslide_id": 558, "source": "GSI_Bhukosh_validated" }, "geometry": { "type": "Point", "coordinates": [ 91.711225294347358, 25.713665455000868 ] } },
{ "type": "Feature", "properties": { "latitude": 25.614971439965252, "longitude": 91.532583880566662, "zone": "West_Khasi_Hills", "landslide_id": 559, "source": "GSI_Bhukosh_validated" }, "geometry": { "type": "Point", "coordinates": [ 91.532583880566662, 25.614971439965252 ] } },
{ "type": "Feature", "properties": { "latitude": 25.294259115708513, "longitude": 91.266570249367945, "zone": "West_Khasi_Hills", "landslide_id": 560, "source": "GSI_Bhukosh_validated" }, "geometry": { "type": "Point", "coordinates": [ 91.266570249367945, 25.294259115708513 ] } },
{ "type": "Feature", "properties": { "latitude": 25.794017675814196, "longitude": 91.57194383131548, "zone": "West_Khasi_Hills", "landslide_id": 561, "source": "GSI_Bhukosh_validated" }, "geometry": { "type": "Point", "coordinates": [ 91.57194383131548, 25.794017675814196 ] } },
{ "type": "Feature", "properties": { "latitude": 25.293657829256635, "longitude": 91.382755759117472, "zone": "West_Khasi_Hills", "landslide_id": 562, "source": "GSI_Bhukosh_validated" }, "geometry": { "type": "Point", "coordinates": [ 91.382755759117472, 25.293657829256635 ] } },
{ "type": "Feature", "properties": { "latitude": 25.554474383743027, "longitude": 91.404848997285043, "zone": "West_Khasi_Hills", "landslide_id": 563, "source": "GSI_Bhukosh_validated" }, "geometry": { "type": "Point", "coordinates": [ 91.404848997285043, 25.554474383743027 ] } },
{ "type": "Feature", "properties": { "latitude": 25.364230346996514, "longitude": 91.605545523375923, "zone": "West_Khasi_Hills", "landslide_id": 564, "source": "GSI_Bhukosh_validated" }, "geometry": { "type": "Point", "coordinates": [ 91.605545523375923, 25.364230346996514 ] } },
{ "type": "Feature", "properties": { "latitude": 25.488455097613262, "longitude": 91.722890952858052, "zone": "West_Khasi_Hills", "landslide_id": 565, "source": "GSI_Bhukosh_validated" }, "geometry": { "type": "Point", "coordinates": [ 91.722890952858052, 25.488455097613262 ] } },
{ "type": "Feature", "properties": { "latitude": 25.559177233854626, "longitude": 91.503828883812488, "zone": "West_Khasi_Hills", "landslide_id": 566, "source": "GSI_Bhukosh_validated" }, "geometry": { "type": "Point", "coordinates": [ 91.503828883812488, 25.559177233854626 ] } },
{ "type": "Feature", "properties": { "latitude": 25.557844298781049, "longitude": 91.555589942267815, "zone": "West_Khasi_Hills", "landslide_id": 567, "source": "GSI_Bhukosh_validated" }, "geometry": { "type": "Point", "coordinates": [ 91.555589942267815, 25.557844298781049 ] } },
{ "type": "Feature", "properties": { "latitude": 25.57594573576235, "longitude": 91.806398690034342, "zone": "West_Khasi_Hills", "landslide_id": 568, "source": "GSI_Bhukosh_validated" }, "geometry": { "type": "Point", "coordinates": [ 91.806398690034342, 25.57594573576235 ] } },
{ "type": "Feature", "properties": { "latitude": 25.790468028430556, "longitude": 91.543335572307939, "zone": "West_Khasi_Hills", "landslide_id": 569, "source": "GSI_Bhukosh_validated" }, "geometry": { "type": "Point", "coordinates": [ 91.543335572307939, 25.790468028430556 ] } },
{ "type": "Feature", "properties": { "latitude": 25.581636174272518, "longitude": 91.968302960552478, "zone": "West_Khasi_Hills", "landslide_id": 570, "source": "GSI_Bhukosh_validated" }, "geometry": { "type": "Point", "coordinates": [ 91.968302960552478, 25.581636174272518 ] } },
{ "type": "Feature", "properties": { "latitude": 25.456051805647682, "longitude": 91.601791736213684, "zone": "West_Khasi_Hills", "landslide_id": 571, "source": "GSI_Bhukosh_validated" }, "geometry": { "type": "Point", "coordinates": [ 91.601791736213684, 25.456051805647682 ] } },
{ "type": "Feature", "properties": { "latitude": 25.673535690291903, "longitude": 91.183062703351951, "zone": "West_Khasi_Hills", "landslide_id": 572, "source": "GSI_Bhukosh_validated" }, "geometry": { "type": "Point", "coordinates": [ 91.183062703351951, 25.673535690291903 ] } },
{ "type": "Feature", "properties": { "latitude": 25.714104688006437, "longitude": 91.635601491798809, "zone": "West_Khasi_Hills", "landslide_id": 573, "source": "GSI_Bhukosh_validated" }, "geometry": { "type": "Point", "coordinates": [ 91.635601491798809, 25.714104688006437 ] } },
{ "type": "Feature", "properties": { "latitude": 25.279030593275341, "longitude": 91.568608509278903, "zone": "West_Khasi_Hills", "landslide_id": 574, "source": "GSI_Bhukosh_validated" }, "geometry": { "type": "Point", "coordinates": [ 91.568608509278903, 25.279030593275341 ] } },
{ "type": "Feature", "properties": { "latitude": 25.607532012572975, "longitude": 91.732155495734901, "zone": "West_Khasi_Hills", "landslide_id": 575, "source": "GSI_Bhukosh_validated" }, "geometry": { "type": "Point", "coordinates": [ 91.732155495734901, 25.607532012572975 ] } },
{ "type": "Feature", "properties": { "latitude": 25.626211093615961, "longitude": 91.62117264322859, "zone": "West_Khasi_Hills", "landslide_id": 576, "source": "GSI_Bhukosh_validated" }, "geometry": { "type": "Point", "coordinates": [ 91.62117264322859, 25.626211093615961 ] } },
{ "type": "Feature", "properties": { "latitude": 25.446438569395202, "longitude": 91.475077922882917, "zone": "West_Khasi_Hills", "landslide_id": 577, "source": "GSI_Bhukosh_validated" }, "geometry": { "type": "Point", "coordinates": [ 91.475077922882917, 25.446438569395202 ] } },
{ "type": "Feature", "properties": { "latitude": 25.747627226396091, "longitude": 91.279626317467915, "zone": "West_Khasi_Hills", "landslide_id": 578, "source": "GSI_Bhukosh_validated" }, "geometry": { "type": "Point", "coordinates": [ 91.279626317467915, 25.747627226396091 ] } },
{ "type": "Feature", "properties": { "latitude": 25.472989994334146, "longitude": 91.46237581368851, "zone": "West_Khasi_Hills", "landslide_id": 579, "source": "GSI_Bhukosh_validated" }, "geometry": { "type": "Point", "coordinates": [ 91.46237581368851, 25.472989994334146 ] } },
{ "type": "Feature", "properties": { "latitude": 25.522603761624879, "longitude": 91.346906318242333, "zone": "West_Khasi_Hills", "landslide_id": 580, "source": "GSI_Bhukosh_validated" }, "geometry": { "type": "Point", "coordinates": [ 91.346906318242333, 25.522603761624879 ] } },
{ "type": "Feature", "properties": { "latitude": 25.468847071628904, "longitude": 91.395505779035147, "zone": "West_Khasi_Hills", "landslide_id": 581, "source": "GSI_Bhukosh_validated" }, "geometry": { "type": "Point", "coordinates": [ 91.395505779035147, 25.468847071628904 ] } },
{ "type": "Feature", "properties": { "latitude": 25.502804228564663, "longitude": 91.605944112795711, "zone": "West_Khasi_Hills", "landslide_id": 582, "source": "GSI_Bhukosh_validated" }, "geometry": { "type": "Point", "coordinates": [ 91.605944112795711, 25.502804228564663 ] } },
{ "type": "Feature", "properties": { "latitude": 25.302670484358863, "longitude": 91.800582810783254, "zone": "West_Khasi_Hills", "landslide_id": 583, "source": "GSI_Bhukosh_validated" }, "geometry": { "type": "Point", "coordinates": [ 91.800582810783254, 25.302670484358863 ] } },
{ "type": "Feature", "properties": { "latitude": 25.240790841133027, "longitude": 91.571040875368141, "zone": "West_Khasi_Hills", "landslide_id": 584, "source": "GSI_Bhukosh_validated" }, "geometry": { "type": "Point", "coordinates": [ 91.571040875368141, 25.240790841133027 ] } },
{ "type": "Feature", "properties": { "latitude": 25.787010911380495, "longitude": 91.284741048833666, "zone": "West_Khasi_Hills", "landslide_id": 585, "source": "GSI_Bhukosh_validated" }, "geometry": { "type": "Point", "coordinates": [ 91.284741048833666, 25.787010911380495 ] } },
{ "type": "Feature", "properties": { "latitude": 25.347546957302701, "longitude": 91.580028480279623, "zone": "West_Khasi_Hills", "landslide_id": 586, "source": "GSI_Bhukosh_validated" }, "geometry": { "type": "Point", "coordinates": [ 91.580028480279623, 25.347546957302701 ] } },
{ "type": "Feature", "properties": { "latitude": 25.321549377097863, "longitude": 91.715393667596217, "zone": "West_Khasi_Hills", "landslide_id": 587, "source": "GSI_Bhukosh_validated" }, "geometry": { "type": "Point", "coordinates": [ 91.715393667596217, 25.321549377097863 ] } },
{ "type": "Feature", "properties": { "latitude": 25.112389779551332, "longitude": 91.390239077222517, "zone": "West_Khasi_Hills", "landslide_id": 588, "source": "GSI_Bhukosh_validated" }, "geometry": { "type": "Point", "coordinates": [ 91.390239077222517, 25.112389779551332 ] } },
{ "type": "Feature", "properties": { "latitude": 25.384986885415891, "longitude": 91.475876909998874, "zone": "West_Khasi_Hills", "landslide_id": 589, "source": "GSI_Bhukosh_validated" }, "geometry": { "type": "Point", "coordinates": [ 91.475876909998874, 25.384986885415891 ] } },
{ "type": "Feature", "properties": { "latitude": 25.26184383718665, "longitude": 91.502643875051263, "zone": "West_Khasi_Hills", "landslide_id": 590, "source": "GSI_Bhukosh_validated" }, "geometry": { "type": "Point", "coordinates": [ 91.502643875051263, 25.26184383718665 ] } },
{ "type": "Feature", "properties": { "latitude": 25.795562728824546, "longitude": 91.35871830364519, "zone": "West_Khasi_Hills", "landslide_id": 591, "source": "GSI_Bhukosh_validated" }, "geometry": { "type": "Point", "coordinates": [ 91.35871830364519, 25.795562728824546 ] } },
{ "type": "Feature", "properties": { "latitude": 25.681767076081673, "longitude": 91.616690478091897, "zone": "West_Khasi_Hills", "landslide_id": 592, "source": "GSI_Bhukosh_validated" }, "geometry": { "type": "Point", "coordinates": [ 91.616690478091897, 25.681767076081673 ] } },
{ "type": "Feature", "properties": { "latitude": 25.376132937868011, "longitude": 91.478229333250596, "zone": "West_Khasi_Hills", "landslide_id": 593, "source": "GSI_Bhukosh_validated" }, "geometry": { "type": "Point", "coordinates": [ 91.478229333250596, 25.376132937868011 ] } },
{ "type": "Feature", "properties": { "latitude": 25.905438444961977, "longitude": 91.575515839903261, "zone": "West_Khasi_Hills", "landslide_id": 594, "source": "GSI_Bhukosh_validated" }, "geometry": { "type": "Point", "coordinates": [ 91.575515839903261, 25.905438444961977 ] } },
{ "type": "Feature", "properties": { "latitude": 25.676717787658486, "longitude": 91.340251407995623, "zone": "West_Khasi_Hills", "landslide_id": 595, "source": "GSI_Bhukosh_validated" }, "geometry": { "type": "Point", "coordinates": [ 91.340251407995623, 25.676717787658486 ] } },
{ "type": "Feature", "properties": { "latitude": 25.441530350968449, "longitude": 91.421257505941782, "zone": "West_Khasi_Hills", "landslide_id": 596, "source": "GSI_Bhukosh_validated" }, "geometry": { "type": "Point", "coordinates": [ 91.421257505941782, 25.441530350968449 ] } },
{ "type": "Feature", "properties": { "latitude": 25.050106971322755, "longitude": 91.630028644408995, "zone": "West_Khasi_Hills", "landslide_id": 597, "source": "GSI_Bhukosh_validated" }, "geometry": { "type": "Point", "coordinates": [ 91.630028644408995, 25.050106971322755 ] } },
{ "type": "Feature", "properties": { "latitude": 25.912369663066332, "longitude": 91.432890032623476, "zone": "West_Khasi_Hills", "landslide_id": 598, "source": "GSI_Bhukosh_validated" }, "geometry": { "type": "Point", "coordinates": [ 91.432890032623476, 25.912369663066332 ] } },
{ "type": "Feature", "properties": { "latitude": 25.249876955982554, "longitude": 91.810853493222012, "zone": "West_Khasi_Hills", "landslide_id": 599, "source": "GSI_Bhukosh_validated" }, "geometry": { "type": "Point", "coordinates": [ 91.810853493222012, 25.249876955982554 ] } },
{ "type": "Feature", "properties": { "latitude": 25.20382822554776, "longitude": 91.428065486589375, "zone": "West_Khasi_Hills", "landslide_id": 600, "source": "GSI_Bhukosh_validated" }, "geometry": { "type": "Point", "coordinates": [ 91.428065486589375, 25.20382822554776 ] } },
{ "type": "Feature", "properties": { "latitude": 25.684062677761734, "longitude": 91.540443250635334, "zone": "West_Khasi_Hills", "landslide_id": 601, "source": "GSI_Bhukosh_validated" }, "geometry": { "type": "Point", "coordinates": [ 91.540443250635334, 25.684062677761734 ] } },
{ "type": "Feature", "properties": { "latitude": 25.939155433141067, "longitude": 91.667866349737153, "zone": "West_Khasi_Hills", "landslide_id": 602, "source": "GSI_Bhukosh_validated" }, "geometry": { "type": "Point", "coordinates": [ 91.667866349737153, 25.939155433141067 ] } },
{ "type": "Feature", "properties": { "latitude": 25.749169107331895, "longitude": 91.244694168072058, "zone": "West_Khasi_Hills", "landslide_id": 603, "source": "GSI_Bhukosh_validated" }, "geometry": { "type": "Point", "coordinates": [ 91.244694168072058, 25.749169107331895 ] } },
{ "type": "Feature", "properties": { "latitude": 25.601503641609426, "longitude": 91.183054413843465, "zone": "West_Khasi_Hills", "landslide_id": 604, "source": "GSI_Bhukosh_validated" }, "geometry": { "type": "Point", "coordinates": [ 91.183054413843465, 25.601503641609426 ] } },
{ "type": "Feature", "properties": { "latitude": 25.607055781499753, "longitude": 91.225381863377379, "zone": "West_Khasi_Hills", "landslide_id": 605, "source": "GSI_Bhukosh_validated" }, "geometry": { "type": "Point", "coordinates": [ 91.225381863377379, 25.607055781499753 ] } },
{ "type": "Feature", "properties": { "latitude": 25.653614800580456, "longitude": 91.727265138616886, "zone": "West_Khasi_Hills", "landslide_id": 606, "source": "GSI_Bhukosh_validated" }, "geometry": { "type": "Point", "coordinates": [ 91.727265138616886, 25.653614800580456 ] } },
{ "type": "Feature", "properties": { "latitude": 25.636607146161619, "longitude": 91.400665533739357, "zone": "West_Khasi_Hills", "landslide_id": 607, "source": "GSI_Bhukosh_validated" }, "geometry": { "type": "Point", "coordinates": [ 91.400665533739357, 25.636607146161619 ] } },
{ "type": "Feature", "properties": { "latitude": 25.550614456314488, "longitude": 91.960475871420286, "zone": "West_Khasi_Hills", "landslide_id": 608, "source": "GSI_Bhukosh_validated" }, "geometry": { "type": "Point", "coordinates": [ 91.960475871420286, 25.550614456314488 ] } },
{ "type": "Feature", "properties": { "latitude": 25.518756198711337, "longitude": 91.398435432241669, "zone": "West_Khasi_Hills", "landslide_id": 609, "source": "GSI_Bhukosh_validated" }, "geometry": { "type": "Point", "coordinates": [ 91.398435432241669, 25.518756198711337 ] } },
{ "type": "Feature", "properties": { "latitude": 25.488733236978085, "longitude": 91.533219234575469, "zone": "West_Khasi_Hills", "landslide_id": 610, "source": "GSI_Bhukosh_validated" }, "geometry": { "type": "Point", "coordinates": [ 91.533219234575469, 25.488733236978085 ] } },
{ "type": "Feature", "properties": { "latitude": 25.364286374003999, "longitude": 91.777579791462216, "zone": "West_Khasi_Hills", "landslide_id": 611, "source": "GSI_Bhukosh_validated" }, "geometry": { "type": "Point", "coordinates": [ 91.777579791462216, 25.364286374003999 ] } },
{ "type": "Feature", "properties": { "latitude": 25.449478486163979, "longitude": 91.861096719868641, "zone": "West_Khasi_Hills", "landslide_id": 612, "source": "GSI_Bhukosh_validated" }, "geometry": { "type": "Point", "coordinates": [ 91.861096719868641, 25.449478486163979 ] } },
{ "type": "Feature", "properties": { "latitude": 25.195267773444829, "longitude": 91.871070643794553, "zone": "West_Khasi_Hills", "landslide_id": 613, "source": "GSI_Bhukosh_validated" }, "geometry": { "type": "Point", "coordinates": [ 91.871070643794553, 25.195267773444829 ] } },
{ "type": "Feature", "properties": { "latitude": 25.482298867176944, "longitude": 91.717505921506771, "zone": "West_Khasi_Hills", "landslide_id": 614, "source": "GSI_Bhukosh_validated" }, "geometry": { "type": "Point", "coordinates": [ 91.717505921506771, 25.482298867176944 ] } },
{ "type": "Feature", "properties": { "latitude": 25.322053600712835, "longitude": 91.684331254646068, "zone": "West_Khasi_Hills", "landslide_id": 615, "source": "GSI_Bhukosh_validated" }, "geometry": { "type": "Point", "coordinates": [ 91.684331254646068, 25.322053600712835 ] } },
{ "type": "Feature", "properties": { "latitude": 25.301353922901161, "longitude": 91.606654850856216, "zone": "West_Khasi_Hills", "landslide_id": 616, "source": "GSI_Bhukosh_validated" }, "geometry": { "type": "Point", "coordinates": [ 91.606654850856216, 25.301353922901161 ] } },
{ "type": "Feature", "properties": { "latitude": 25.532380947207628, "longitude": 91.640104993709997, "zone": "West_Khasi_Hills", "landslide_id": 617, "source": "GSI_Bhukosh_validated" }, "geometry": { "type": "Point", "coordinates": [ 91.640104993709997, 25.532380947207628 ] } },
{ "type": "Feature", "properties": { "latitude": 25.750560411542029, "longitude": 91.400786571060863, "zone": "West_Khasi_Hills", "landslide_id": 618, "source": "GSI_Bhukosh_validated" }, "geometry": { "type": "Point", "coordinates": [ 91.400786571060863, 25.750560411542029 ] } },
{ "type": "Feature", "properties": { "latitude": 25.665296989080417, "longitude": 91.352724200983985, "zone": "West_Khasi_Hills", "landslide_id": 619, "source": "GSI_Bhukosh_validated" }, "geometry": { "type": "Point", "coordinates": [ 91.352724200983985, 25.665296989080417 ] } },
{ "type": "Feature", "properties": { "latitude": 25.217309891347828, "longitude": 91.499392597666031, "zone": "West_Khasi_Hills", "landslide_id": 620, "source": "GSI_Bhukosh_validated" }, "geometry": { "type": "Point", "coordinates": [ 91.499392597666031, 25.217309891347828 ] } },
{ "type": "Feature", "properties": { "latitude": 25.32186693541734, "longitude": 91.469366767945516, "zone": "West_Khasi_Hills", "landslide_id": 621, "source": "GSI_Bhukosh_validated" }, "geometry": { "type": "Point", "coordinates": [ 91.469366767945516, 25.32186693541734 ] } },
{ "type": "Feature", "properties": { "latitude": 25.669338813837879, "longitude": 91.418418951121097, "zone": "West_Khasi_Hills", "landslide_id": 622, "source": "GSI_Bhukosh_validated" }, "geometry": { "type": "Point", "coordinates": [ 91.418418951121097, 25.669338813837879 ] } },
{ "type": "Feature", "properties": { "latitude": 25.323152269163103, "longitude": 91.625349740542205, "zone": "West_Khasi_Hills", "landslide_id": 623, "source": "GSI_Bhukosh_validated" }, "geometry": { "type": "Point", "coordinates": [ 91.625349740542205, 25.323152269163103 ] } },
{ "type": "Feature", "properties": { "latitude": 25.459566033000534, "longitude": 91.671954937542694, "zone": "West_Khasi_Hills", "landslide_id": 624, "source": "GSI_Bhukosh_validated" }, "geometry": { "type": "Point", "coordinates": [ 91.671954937542694, 25.459566033000534 ] } },
{ "type": "Feature", "properties": { "latitude": 25.599009377824419, "longitude": 91.515913239532537, "zone": "West_Khasi_Hills", "landslide_id": 625, "source": "GSI_Bhukosh_validated" }, "geometry": { "type": "Point", "coordinates": [ 91.515913239532537, 25.599009377824419 ] } },
{ "type": "Feature", "properties": { "latitude": 25.325697998124546, "longitude": 91.765955414589953, "zone": "West_Khasi_Hills", "landslide_id": 626, "source": "GSI_Bhukosh_validated" }, "geometry": { "type": "Point", "coordinates": [ 91.765955414589953, 25.325697998124546 ] } },
{ "type": "Feature", "properties": { "latitude": 25.518967591106271, "longitude": 91.294495959455972, "zone": "West_Khasi_Hills", "landslide_id": 627, "source": "GSI_Bhukosh_validated" }, "geometry": { "type": "Point", "coordinates": [ 91.294495959455972, 25.518967591106271 ] } },
{ "type": "Feature", "properties": { "latitude": 25.259875410914724, "longitude": 91.465141297329652, "zone": "West_Khasi_Hills", "landslide_id": 628, "source": "GSI_Bhukosh_validated" }, "geometry": { "type": "Point", "coordinates": [ 91.465141297329652, 25.259875410914724 ] } },
{ "type": "Feature", "properties": { "latitude": 25.391753824088781, "longitude": 91.370971982291493, "zone": "West_Khasi_Hills", "landslide_id": 629, "source": "GSI_Bhukosh_validated" }, "geometry": { "type": "Point", "coordinates": [ 91.370971982291493, 25.391753824088781 ] } },
{ "type": "Feature", "properties": { "latitude": 25.557560748145658, "longitude": 91.164023408926852, "zone": "West_Khasi_Hills", "landslide_id": 630, "source": "GSI_Bhukosh_validated" }, "geometry": { "type": "Point", "coordinates": [ 91.164023408926852, 25.557560748145658 ] } },
{ "type": "Feature", "properties": { "latitude": 25.213261127964298, "longitude": 91.485117476548311, "zone": "West_Khasi_Hills", "landslide_id": 631, "source": "GSI_Bhukosh_validated" }, "geometry": { "type": "Point", "coordinates": [ 91.485117476548311, 25.213261127964298 ] } },
{ "type": "Feature", "properties": { "latitude": 25.57928545283287, "longitude": 91.478085448491015, "zone": "West_Khasi_Hills", "landslide_id": 632, "source": "GSI_Bhukosh_validated" }, "geometry": { "type": "Point", "coordinates": [ 91.478085448491015, 25.57928545283287 ] } },
{ "type": "Feature", "properties": { "latitude": 25.496465196193196, "longitude": 91.77242095378358, "zone": "West_Khasi_Hills", "landslide_id": 633, "source": "GSI_Bhukosh_validated" }, "geometry": { "type": "Point", "coordinates": [ 91.77242095378358, 25.496465196193196 ] } },
{ "type": "Feature", "properties": { "latitude": 25.599448191795087, "longitude": 91.613546103219861, "zone": "West_Khasi_Hills", "landslide_id": 634, "source": "GSI_Bhukosh_validated" }, "geometry": { "type": "Point", "coordinates": [ 91.613546103219861, 25.599448191795087 ] } },
{ "type": "Feature", "properties": { "latitude": 25.54030454413164, "longitude": 91.315646371620744, "zone": "West_Khasi_Hills", "landslide_id": 635, "source": "GSI_Bhukosh_validated" }, "geometry": { "type": "Point", "coordinates": [ 91.315646371620744, 25.54030454413164 ] } },
{ "type": "Feature", "properties": { "latitude": 25.745545277395291, "longitude": 91.833736661940151, "zone": "West_Khasi_Hills", "landslide_id": 636, "source": "GSI_Bhukosh_validated" }, "geometry": { "type": "Point", "coordinates": [ 91.833736661940151, 25.745545277395291 ] } },
{ "type": "Feature", "properties": { "latitude": 25.522540410476623, "longitude": 91.719786065194569, "zone": "West_Khasi_Hills", "landslide_id": 637, "source": "GSI_Bhukosh_validated" }, "geometry": { "type": "Point", "coordinates": [ 91.719786065194569, 25.522540410476623 ] } },
{ "type": "Feature", "properties": { "latitude": 25.422707002597456, "longitude": 91.604777586624351, "zone": "West_Khasi_Hills", "landslide_id": 638, "source": "GSI_Bhukosh_validated" }, "geometry": { "type": "Point", "coordinates": [ 91.604777586624351, 25.422707002597456 ] } },
{ "type": "Feature", "properties": { "latitude": 25.522013550545811, "longitude": 91.459232862207031, "zone": "West_Khasi_Hills", "landslide_id": 639, "source": "GSI_Bhukosh_validated" }, "geometry": { "type": "Point", "coordinates": [ 91.459232862207031, 25.522013550545811 ] } },
{ "type": "Feature", "properties": { "latitude": 25.597793645226549, "longitude": 91.327300937389779, "zone": "West_Khasi_Hills", "landslide_id": 640, "source": "GSI_Bhukosh_validated" }, "geometry": { "type": "Point", "coordinates": [ 91.327300937389779, 25.597793645226549 ] } },
{ "type": "Feature", "properties": { "latitude": 25.508794812658628, "longitude": 91.433002780307206, "zone": "West_Khasi_Hills", "landslide_id": 641, "source": "GSI_Bhukosh_validated" }, "geometry": { "type": "Point", "coordinates": [ 91.433002780307206, 25.508794812658628 ] } },
{ "type": "Feature", "properties": { "latitude": 25.5073065044167, "longitude": 91.695974751546757, "zone": "West_Khasi_Hills", "landslide_id": 642, "source": "GSI_Bhukosh_validated" }, "geometry": { "type": "Point", "coordinates": [ 91.695974751546757, 25.5073065044167 ] } },
{ "type": "Feature", "properties": { "latitude": 25.373641496194786, "longitude": 91.839225535068223, "zone": "West_Khasi_Hills", "landslide_id": 643, "source": "GSI_Bhukosh_validated" }, "geometry": { "type": "Point", "coordinates": [ 91.839225535068223, 25.373641496194786 ] } },
{ "type": "Feature", "properties": { "latitude": 25.380677834840828, "longitude": 91.777783835088997, "zone": "West_Khasi_Hills", "landslide_id": 644, "source": "GSI_Bhukosh_validated" }, "geometry": { "type": "Point", "coordinates": [ 91.777783835088997, 25.380677834840828 ] } },
{ "type": "Feature", "properties": { "latitude": 25.247531051076056, "longitude": 91.412007104078469, "zone": "West_Khasi_Hills", "landslide_id": 645, "source": "GSI_Bhukosh_validated" }, "geometry": { "type": "Point", "coordinates": [ 91.412007104078469, 25.247531051076056 ] } },
{ "type": "Feature", "properties": { "latitude": 25.81492381377365, "longitude": 91.298468862007979, "zone": "West_Khasi_Hills", "landslide_id": 646, "source": "GSI_Bhukosh_validated" }, "geometry": { "type": "Point", "coordinates": [ 91.298468862007979, 25.81492381377365 ] } },
{ "type": "Feature", "properties": { "latitude": 25.276104617629567, "longitude": 91.525359524444013, "zone": "West_Khasi_Hills", "landslide_id": 647, "source": "GSI_Bhukosh_validated" }, "geometry": { "type": "Point", "coordinates": [ 91.525359524444013, 25.276104617629567 ] } },
{ "type": "Feature", "properties": { "latitude": 25.375277064396737, "longitude": 91.181680914198694, "zone": "West_Khasi_Hills", "landslide_id": 648, "source": "GSI_Bhukosh_validated" }, "geometry": { "type": "Point", "coordinates": [ 91.181680914198694, 25.375277064396737 ] } },
{ "type": "Feature", "properties": { "latitude": 25.370686692197545, "longitude": 91.558170188553262, "zone": "West_Khasi_Hills", "landslide_id": 649, "source": "GSI_Bhukosh_validated" }, "geometry": { "type": "Point", "coordinates": [ 91.558170188553262, 25.370686692197545 ] } },
{ "type": "Feature", "properties": { "latitude": 25.661086387849998, "longitude": 91.473431534466243, "zone": "West_Khasi_Hills", "landslide_id": 650, "source": "GSI_Bhukosh_validated" }, "geometry": { "type": "Point", "coordinates": [ 91.473431534466243, 25.661086387849998 ] } },
{ "type": "Feature", "properties": { "latitude": 25.446909057907433, "longitude": 91.41611342966371, "zone": "West_Khasi_Hills", "landslide_id": 651, "source": "GSI_Bhukosh_validated" }, "geometry": { "type": "Point", "coordinates": [ 91.41611342966371, 25.446909057907433 ] } },
{ "type": "Feature", "properties": { "latitude": 25.724593573081272, "longitude": 91.212953447891977, "zone": "West_Khasi_Hills", "landslide_id": 652, "source": "GSI_Bhukosh_validated" }, "geometry": { "type": "Point", "coordinates": [ 91.212953447891977, 25.724593573081272 ] } },
{ "type": "Feature", "properties": { "latitude": 25.378771687636103, "longitude": 91.592448019182555, "zone": "West_Khasi_Hills", "landslide_id": 653, "source": "GSI_Bhukosh_validated" }, "geometry": { "type": "Point", "coordinates": [ 91.592448019182555, 25.378771687636103 ] } },
{ "type": "Feature", "properties": { "latitude": 25.550218949200286, "longitude": 91.40411384886086, "zone": "West_Khasi_Hills", "landslide_id": 654, "source": "GSI_Bhukosh_validated" }, "geometry": { "type": "Point", "coordinates": [ 91.40411384886086, 25.550218949200286 ] } },
{ "type": "Feature", "properties": { "latitude": 25.349637530413244, "longitude": 91.28941496957215, "zone": "West_Khasi_Hills", "landslide_id": 655, "source": "GSI_Bhukosh_validated" }, "geometry": { "type": "Point", "coordinates": [ 91.28941496957215, 25.349637530413244 ] } },
{ "type": "Feature", "properties": { "latitude": 25.210334598502261, "longitude": 91.924178114540283, "zone": "Jaintia_Hills", "landslide_id": 656, "source": "GSI_Bhukosh_validated" }, "geometry": { "type": "Point", "coordinates": [ 91.924178114540283, 25.210334598502261 ] } },
{ "type": "Feature", "properties": { "latitude": 25.307401581981757, "longitude": 91.940176163211419, "zone": "Jaintia_Hills", "landslide_id": 657, "source": "GSI_Bhukosh_validated" }, "geometry": { "type": "Point", "coordinates": [ 91.940176163211419, 25.307401581981757 ] } },
{ "type": "Feature", "properties": { "latitude": 25.383172672871577, "longitude": 91.950500961435722, "zone": "Jaintia_Hills", "landslide_id": 658, "source": "GSI_Bhukosh_validated" }, "geometry": { "type": "Point", "coordinates": [ 91.950500961435722, 25.383172672871577 ] } },
{ "type": "Feature", "properties": { "latitude": 25.302495244921051, "longitude": 91.947987416933486, "zone": "Jaintia_Hills", "landslide_id": 659, "source": "GSI_Bhukosh_validated" }, "geometry": { "type": "Point", "coordinates": [ 91.947987416933486, 25.302495244921051 ] } },
{ "type": "Feature", "properties": { "latitude": 25.246321372520949, "longitude": 91.961494861751788, "zone": "Jaintia_Hills", "landslide_id": 660, "source": "GSI_Bhukosh_validated" }, "geometry": { "type": "Point", "coordinates": [ 91.961494861751788, 25.246321372520949 ] } },
{ "type": "Feature", "properties": { "latitude": 25.259826960147215, "longitude": 91.933873071901672, "zone": "Jaintia_Hills", "landslide_id": 661, "source": "GSI_Bhukosh_validated" }, "geometry": { "type": "Point", "coordinates": [ 91.933873071901672, 25.259826960147215 ] } },
{ "type": "Feature", "properties": { "latitude": 25.302906334800731, "longitude": 91.91248402275491, "zone": "Jaintia_Hills", "landslide_id": 662, "source": "GSI_Bhukosh_validated" }, "geometry": { "type": "Point", "coordinates": [ 91.91248402275491, 25.302906334800731 ] } },
{ "type": "Feature", "properties": { "latitude": 25.277542688199453, "longitude": 91.84636549727044, "zone": "Jaintia_Hills", "landslide_id": 663, "source": "GSI_Bhukosh_validated" }, "geometry": { "type": "Point", "coordinates": [ 91.84636549727044, 25.277542688199453 ] } },
{ "type": "Feature", "properties": { "latitude": 25.264551830783319, "longitude": 91.969643560592587, "zone": "Jaintia_Hills", "landslide_id": 664, "source": "GSI_Bhukosh_validated" }, "geometry": { "type": "Point", "coordinates": [ 91.969643560592587, 25.264551830783319 ] } },
{ "type": "Feature", "properties": { "latitude": 25.271328148099638, "longitude": 91.937236103815181, "zone": "Jaintia_Hills", "landslide_id": 665, "source": "GSI_Bhukosh_validated" }, "geometry": { "type": "Point", "coordinates": [ 91.937236103815181, 25.271328148099638 ] } },
{ "type": "Feature", "properties": { "latitude": 25.44605902249906, "longitude": 91.893719094322563, "zone": "Jaintia_Hills", "landslide_id": 666, "source": "GSI_Bhukosh_validated" }, "geometry": { "type": "Point", "coordinates": [ 91.893719094322563, 25.44605902249906 ] } },
{ "type": "Feature", "properties": { "latitude": 25.243011561205297, "longitude": 91.797153363840295, "zone": "Jaintia_Hills", "landslide_id": 667, "source": "GSI_Bhukosh_validated" }, "geometry": { "type": "Point", "coordinates": [ 91.797153363840295, 25.243011561205297 ] } },
{ "type": "Feature", "properties": { "latitude": 25.358702455617721, "longitude": 91.984445820225332, "zone": "Jaintia_Hills", "landslide_id": 668, "source": "GSI_Bhukosh_validated" }, "geometry": { "type": "Point", "coordinates": [ 91.984445820225332, 25.358702455617721 ] } },
{ "type": "Feature", "properties": { "latitude": 25.187747355754649, "longitude": 91.922766239965554, "zone": "Jaintia_Hills", "landslide_id": 669, "source": "GSI_Bhukosh_validated" }, "geometry": { "type": "Point", "coordinates": [ 91.922766239965554, 25.187747355754649 ] } },
{ "type": "Feature", "properties": { "latitude": 25.273184082115378, "longitude": 91.957092816275733, "zone": "Jaintia_Hills", "landslide_id": 670, "source": "GSI_Bhukosh_validated" }, "geometry": { "type": "Point", "coordinates": [ 91.957092816275733, 25.273184082115378 ] } },
{ "type": "Feature", "properties": { "latitude": 25.171863649410497, "longitude": 91.909536516271189, "zone": "Jaintia_Hills", "landslide_id": 671, "source": "GSI_Bhukosh_validated" }, "geometry": { "type": "Point", "coordinates": [ 91.909536516271189, 25.171863649410497 ] } },
{ "type": "Feature", "properties": { "latitude": 25.439425396312984, "longitude": 91.992941552105705, "zone": "Jaintia_Hills", "landslide_id": 672, "source": "GSI_Bhukosh_validated" }, "geometry": { "type": "Point", "coordinates": [ 91.992941552105705, 25.439425396312984 ] } },
{ "type": "Feature", "properties": { "latitude": 25.188717623897134, "longitude": 91.787658541301511, "zone": "Jaintia_Hills", "landslide_id": 673, "source": "GSI_Bhukosh_validated" }, "geometry": { "type": "Point", "coordinates": [ 91.787658541301511, 25.188717623897134 ] } },
{ "type": "Feature", "properties": { "latitude": 25.457789734430087, "longitude": 91.937710891413317, "zone": "Jaintia_Hills", "landslide_id": 674, "source": "GSI_Bhukosh_validated" }, "geometry": { "type": "Point", "coordinates": [ 91.937710891413317, 25.457789734430087 ] } },
{ "type": "Feature", "properties": { "latitude": 25.210903529716234, "longitude": 91.988495489183222, "zone": "Jaintia_Hills", "landslide_id": 675, "source": "GSI_Bhukosh_validated" }, "geometry": { "type": "Point", "coordinates": [ 91.988495489183222, 25.210903529716234 ] } },
{ "type": "Feature", "properties": { "latitude": 25.262894910754017, "longitude": 91.857341941006837, "zone": "Jaintia_Hills", "landslide_id": 676, "source": "GSI_Bhukosh_validated" }, "geometry": { "type": "Point", "coordinates": [ 91.857341941006837, 25.262894910754017 ] } },
{ "type": "Feature", "properties": { "latitude": 25.214991187970746, "longitude": 91.976737422063977, "zone": "Jaintia_Hills", "landslide_id": 677, "source": "GSI_Bhukosh_validated" }, "geometry": { "type": "Point", "coordinates": [ 91.976737422063977, 25.214991187970746 ] } },
{ "type": "Feature", "properties": { "latitude": 25.11835427288646, "longitude": 91.874458285623533, "zone": "Jaintia_Hills", "landslide_id": 678, "source": "GSI_Bhukosh_validated" }, "geometry": { "type": "Point", "coordinates": [ 91.874458285623533, 25.11835427288646 ] } },
{ "type": "Feature", "properties": { "latitude": 25.274664371340677, "longitude": 91.963548948078085, "zone": "Jaintia_Hills", "landslide_id": 679, "source": "GSI_Bhukosh_validated" }, "geometry": { "type": "Point", "coordinates": [ 91.963548948078085, 25.274664371340677 ] } },
{ "type": "Feature", "properties": { "latitude": 25.706461428914626, "longitude": 91.580867631943363, "zone": "Ri_Bhoi", "landslide_id": 680, "source": "GSI_Bhukosh_validated" }, "geometry": { "type": "Point", "coordinates": [ 91.580867631943363, 25.706461428914626 ] } },
{ "type": "Feature", "properties": { "latitude": 25.514692266846371, "longitude": 91.826673239537101, "zone": "Ri_Bhoi", "landslide_id": 681, "source": "GSI_Bhukosh_validated" }, "geometry": { "type": "Point", "coordinates": [ 91.826673239537101, 25.514692266846371 ] } },
{ "type": "Feature", "properties": { "latitude": 25.519550537808794, "longitude": 91.382323646492267, "zone": "Ri_Bhoi", "landslide_id": 682, "source": "GSI_Bhukosh_validated" }, "geometry": { "type": "Point", "coordinates": [ 91.382323646492267, 25.519550537808794 ] } },
{ "type": "Feature", "properties": { "latitude": 25.818815217662213, "longitude": 91.598186657823092, "zone": "Ri_Bhoi", "landslide_id": 683, "source": "GSI_Bhukosh_validated" }, "geometry": { "type": "Point", "coordinates": [ 91.598186657823092, 25.818815217662213 ] } },
{ "type": "Feature", "properties": { "latitude": 25.4715882160699, "longitude": 91.41214098333802, "zone": "Ri_Bhoi", "landslide_id": 684, "source": "GSI_Bhukosh_validated" }, "geometry": { "type": "Point", "coordinates": [ 91.41214098333802, 25.4715882160699 ] } },
{ "type": "Feature", "properties": { "latitude": 25.896400942988393, "longitude": 91.654544782393742, "zone": "Ri_Bhoi", "landslide_id": 685, "source": "GSI_Bhukosh_validated" }, "geometry": { "type": "Point", "coordinates": [ 91.654544782393742, 25.896400942988393 ] } },
{ "type": "Feature", "properties": { "latitude": 25.51490688980282, "longitude": 91.73303310851459, "zone": "Ri_Bhoi", "landslide_id": 686, "source": "GSI_Bhukosh_validated" }, "geometry": { "type": "Point", "coordinates": [ 91.73303310851459, 25.51490688980282 ] } },
{ "type": "Feature", "properties": { "latitude": 25.745758788841258, "longitude": 91.53688573094783, "zone": "Ri_Bhoi", "landslide_id": 687, "source": "GSI_Bhukosh_validated" }, "geometry": { "type": "Point", "coordinates": [ 91.53688573094783, 25.745758788841258 ] } },
{ "type": "Feature", "properties": { "latitude": 25.600707228637649, "longitude": 91.20936792150593, "zone": "Ri_Bhoi", "landslide_id": 688, "source": "GSI_Bhukosh_validated" }, "geometry": { "type": "Point", "coordinates": [ 91.20936792150593, 25.600707228637649 ] } },
{ "type": "Feature", "properties": { "latitude": 25.740478114662348, "longitude": 91.629842222019462, "zone": "Ri_Bhoi", "landslide_id": 689, "source": "GSI_Bhukosh_validated" }, "geometry": { "type": "Point", "coordinates": [ 91.629842222019462, 25.740478114662348 ] } },
{ "type": "Feature", "properties": { "latitude": 25.56838289968287, "longitude": 91.665510782760023, "zone": "Ri_Bhoi", "landslide_id": 690, "source": "GSI_Bhukosh_validated" }, "geometry": { "type": "Point", "coordinates": [ 91.665510782760023, 25.56838289968287 ] } },
{ "type": "Feature", "properties": { "latitude": 25.625581064089154, "longitude": 91.660644213244254, "zone": "Ri_Bhoi", "landslide_id": 691, "source": "GSI_Bhukosh_validated" }, "geometry": { "type": "Point", "coordinates": [ 91.660644213244254, 25.625581064089154 ] } },
{ "type": "Feature", "properties": { "latitude": 25.656137876309355, "longitude": 91.785367328773319, "zone": "Ri_Bhoi", "landslide_id": 692, "source": "GSI_Bhukosh_validated" }, "geometry": { "type": "Point", "coordinates": [ 91.785367328773319, 25.656137876309355 ] } },
{ "type": "Feature", "properties": { "latitude": 25.499671881632779, "longitude": 91.439341948052643, "zone": "Ri_Bhoi", "landslide_id": 693, "source": "GSI_Bhukosh_validated" }, "geometry": { "type": "Point", "coordinates": [ 91.439341948052643, 25.499671881632779 ] } },
{ "type": "Feature", "properties": { "latitude": 25.761123651813019, "longitude": 91.702032415817555, "zone": "Ri_Bhoi", "landslide_id": 694, "source": "GSI_Bhukosh_validated" }, "geometry": { "type": "Point", "coordinates": [ 91.702032415817555, 25.761123651813019 ] } },
{ "type": "Feature", "properties": { "latitude": 25.573017965029262, "longitude": 91.778876126871694, "zone": "Ri_Bhoi", "landslide_id": 695, "source": "GSI_Bhukosh_validated" }, "geometry": { "type": "Point", "coordinates": [ 91.778876126871694, 25.573017965029262 ] } },
{ "type": "Feature", "properties": { "latitude": 25.615710012698997, "longitude": 91.333211862399011, "zone": "Ri_Bhoi", "landslide_id": 696, "source": "GSI_Bhukosh_validated" }, "geometry": { "type": "Point", "coordinates": [ 91.333211862399011, 25.615710012698997 ] } },
{ "type": "Feature", "properties": { "latitude": 25.500847593808722, "longitude": 91.647947773887836, "zone": "Ri_Bhoi", "landslide_id": 697, "source": "GSI_Bhukosh_validated" }, "geometry": { "type": "Point", "coordinates": [ 91.647947773887836, 25.500847593808722 ] } },
{ "type": "Feature", "properties": { "latitude": 25.265649951180702, "longitude": 91.524373025348837, "zone": "Ri_Bhoi", "landslide_id": 698, "source": "GSI_Bhukosh_validated" }, "geometry": { "type": "Point", "coordinates": [ 91.524373025348837, 25.265649951180702 ] } },
{ "type": "Feature", "properties": { "latitude": 25.621345835609972, "longitude": 91.587771599034753, "zone": "Ri_Bhoi", "landslide_id": 699, "source": "GSI_Bhukosh_validated" }, "geometry": { "type": "Point", "coordinates": [ 91.587771599034753, 25.621345835609972 ] } },
{ "type": "Feature", "properties": { "latitude": 25.767690643184704, "longitude": 91.526915715382955, "zone": "Ri_Bhoi", "landslide_id": 700, "source": "GSI_Bhukosh_validated" }, "geometry": { "type": "Point", "coordinates": [ 91.526915715382955, 25.767690643184704 ] } },
{ "type": "Feature", "properties": { "latitude": 25.647110943039838, "longitude": 91.498643788125747, "zone": "Ri_Bhoi", "landslide_id": 701, "source": "GSI_Bhukosh_validated" }, "geometry": { "type": "Point", "coordinates": [ 91.498643788125747, 25.647110943039838 ] } },
{ "type": "Feature", "properties": { "latitude": 25.61056637561876, "longitude": 91.605122862623205, "zone": "Ri_Bhoi", "landslide_id": 702, "source": "GSI_Bhukosh_validated" }, "geometry": { "type": "Point", "coordinates": [ 91.605122862623205, 25.61056637561876 ] } },
{ "type": "Feature", "properties": { "latitude": 25.653369883921805, "longitude": 91.436913109170575, "zone": "Ri_Bhoi", "landslide_id": 703, "source": "GSI_Bhukosh_validated" }, "geometry": { "type": "Point", "coordinates": [ 91.436913109170575, 25.653369883921805 ] } },
{ "type": "Feature", "properties": { "latitude": 25.732067867276282, "longitude": 91.437126230667218, "zone": "Ri_Bhoi", "landslide_id": 704, "source": "GSI_Bhukosh_validated" }, "geometry": { "type": "Point", "coordinates": [ 91.437126230667218, 25.732067867276282 ] } },
{ "type": "Feature", "properties": { "latitude": 25.472878077703673, "longitude": 91.701905992443471, "zone": "Ri_Bhoi", "landslide_id": 705, "source": "GSI_Bhukosh_validated" }, "geometry": { "type": "Point", "coordinates": [ 91.701905992443471, 25.472878077703673 ] } },
{ "type": "Feature", "properties": { "latitude": 25.81714825420033, "longitude": 91.427680894726194, "zone": "Ri_Bhoi", "landslide_id": 706, "source": "GSI_Bhukosh_validated" }, "geometry": { "type": "Point", "coordinates": [ 91.427680894726194, 25.81714825420033 ] } },
{ "type": "Feature", "properties": { "latitude": 25.757307197316184, "longitude": 91.699946875136376, "zone": "Ri_Bhoi", "landslide_id": 707, "source": "GSI_Bhukosh_validated" }, "geometry": { "type": "Point", "coordinates": [ 91.699946875136376, 25.757307197316184 ] } },
{ "type": "Feature", "properties": { "latitude": 25.757727858856189, "longitude": 91.669388693928084, "zone": "Ri_Bhoi", "landslide_id": 708, "source": "GSI_Bhukosh_validated" }, "geometry": { "type": "Point", "coordinates": [ 91.669388693928084, 25.757727858856189 ] } },
{ "type": "Feature", "properties": { "latitude": 25.715771360821456, "longitude": 91.341128990681412, "zone": "Ri_Bhoi", "landslide_id": 709, "source": "GSI_Bhukosh_validated" }, "geometry": { "type": "Point", "coordinates": [ 91.341128990681412, 25.715771360821456 ] } },
{ "type": "Feature", "properties": { "latitude": 25.652942498654099, "longitude": 91.498365302149651, "zone": "Ri_Bhoi", "landslide_id": 710, "source": "GSI_Bhukosh_validated" }, "geometry": { "type": "Point", "coordinates": [ 91.498365302149651, 25.652942498654099 ] } },
{ "type": "Feature", "properties": { "latitude": 25.750929185395023, "longitude": 91.779116410457107, "zone": "Ri_Bhoi", "landslide_id": 711, "source": "GSI_Bhukosh_validated" }, "geometry": { "type": "Point", "coordinates": [ 91.779116410457107, 25.750929185395023 ] } },
{ "type": "Feature", "properties": { "latitude": 25.738772120061206, "longitude": 91.452825170329035, "zone": "Ri_Bhoi", "landslide_id": 712, "source": "GSI_Bhukosh_validated" }, "geometry": { "type": "Point", "coordinates": [ 91.452825170329035, 25.738772120061206 ] } },
{ "type": "Feature", "properties": { "latitude": 25.596893893358846, "longitude": 91.530339360653585, "zone": "Ri_Bhoi", "landslide_id": 713, "source": "GSI_Bhukosh_validated" }, "geometry": { "type": "Point", "coordinates": [ 91.530339360653585, 25.596893893358846 ] } },
{ "type": "Feature", "properties": { "latitude": 25.563959734065463, "longitude": 91.669309133987781, "zone": "Ri_Bhoi", "landslide_id": 714, "source": "GSI_Bhukosh_validated" }, "geometry": { "type": "Point", "coordinates": [ 91.669309133987781, 25.563959734065463 ] } },
{ "type": "Feature", "properties": { "latitude": 25.665278444289296, "longitude": 91.71750857639239, "zone": "Ri_Bhoi", "landslide_id": 715, "source": "GSI_Bhukosh_validated" }, "geometry": { "type": "Point", "coordinates": [ 91.71750857639239, 25.665278444289296 ] } },
{ "type": "Feature", "properties": { "latitude": 25.882353022724278, "longitude": 91.562269167093319, "zone": "Ri_Bhoi", "landslide_id": 716, "source": "GSI_Bhukosh_validated" }, "geometry": { "type": "Point", "coordinates": [ 91.562269167093319, 25.882353022724278 ] } },
{ "type": "Feature", "properties": { "latitude": 25.464133938651912, "longitude": 91.510373470796253, "zone": "Ri_Bhoi", "landslide_id": 717, "source": "GSI_Bhukosh_validated" }, "geometry": { "type": "Point", "coordinates": [ 91.510373470796253, 25.464133938651912 ] } },
{ "type": "Feature", "properties": { "latitude": 25.429871210137133, "longitude": 91.813355479254767, "zone": "Ri_Bhoi", "landslide_id": 718, "source": "GSI_Bhukosh_validated" }, "geometry": { "type": "Point", "coordinates": [ 91.813355479254767, 25.429871210137133 ] } },
{ "type": "Feature", "properties": { "latitude": 25.674714126185474, "longitude": 91.860834949569636, "zone": "Ri_Bhoi", "landslide_id": 719, "source": "GSI_Bhukosh_validated" }, "geometry": { "type": "Point", "coordinates": [ 91.860834949569636, 25.674714126185474 ] } },
{ "type": "Feature", "properties": { "latitude": 25.6576331552784, "longitude": 91.746828707617269, "zone": "Ri_Bhoi", "landslide_id": 720, "source": "GSI_Bhukosh_validated" }, "geometry": { "type": "Point", "coordinates": [ 91.746828707617269, 25.6576331552784 ] } },
{ "type": "Feature", "properties": { "latitude": 25.67600124965556, "longitude": 91.612797721384752, "zone": "Ri_Bhoi", "landslide_id": 721, "source": "GSI_Bhukosh_validated" }, "geometry": { "type": "Point", "coordinates": [ 91.612797721384752, 25.67600124965556 ] } },
{ "type": "Feature", "properties": { "latitude": 25.686592979686274, "longitude": 91.478760141753853, "zone": "Ri_Bhoi", "landslide_id": 722, "source": "GSI_Bhukosh_validated" }, "geometry": { "type": "Point", "coordinates": [ 91.478760141753853, 25.686592979686274 ] } },
{ "type": "Feature", "properties": { "latitude": 25.616519661804777, "longitude": 91.475433339016504, "zone": "Ri_Bhoi", "landslide_id": 723, "source": "GSI_Bhukosh_validated" }, "geometry": { "type": "Point", "coordinates": [ 91.475433339016504, 25.616519661804777 ] } },
{ "type": "Feature", "properties": { "latitude": 25.873479515790311, "longitude": 91.678377115789857, "zone": "Ri_Bhoi", "landslide_id": 724, "source": "GSI_Bhukosh_validated" }, "geometry": { "type": "Point", "coordinates": [ 91.678377115789857, 25.873479515790311 ] } },
{ "type": "Feature", "properties": { "latitude": 25.409864403228521, "longitude": 91.662759733133299, "zone": "Ri_Bhoi", "landslide_id": 725, "source": "GSI_Bhukosh_validated" }, "geometry": { "type": "Point", "coordinates": [ 91.662759733133299, 25.409864403228521 ] } },
{ "type": "Feature", "properties": { "latitude": 25.525725446282962, "longitude": 91.810239788941956, "zone": "Ri_Bhoi", "landslide_id": 726, "source": "GSI_Bhukosh_validated" }, "geometry": { "type": "Point", "coordinates": [ 91.810239788941956, 25.525725446282962 ] } },
{ "type": "Feature", "properties": { "latitude": 25.63451178597764, "longitude": 91.697567513880415, "zone": "Ri_Bhoi", "landslide_id": 727, "source": "GSI_Bhukosh_validated" }, "geometry": { "type": "Point", "coordinates": [ 91.697567513880415, 25.63451178597764 ] } },
{ "type": "Feature", "properties": { "latitude": 25.403521678326875, "longitude": 91.374537954736027, "zone": "Ri_Bhoi", "landslide_id": 728, "source": "GSI_Bhukosh_validated" }, "geometry": { "type": "Point", "coordinates": [ 91.374537954736027, 25.403521678326875 ] } },
{ "type": "Feature", "properties": { "latitude": 25.623621839335186, "longitude": 91.757792142658431, "zone": "Ri_Bhoi", "landslide_id": 729, "source": "GSI_Bhukosh_validated" }, "geometry": { "type": "Point", "coordinates": [ 91.757792142658431, 25.623621839335186 ] } },
{ "type": "Feature", "properties": { "latitude": 25.899220524859203, "longitude": 91.450290905902833, "zone": "Ri_Bhoi", "landslide_id": 730, "source": "GSI_Bhukosh_validated" }, "geometry": { "type": "Point", "coordinates": [ 91.450290905902833, 25.899220524859203 ] } },
{ "type": "Feature", "properties": { "latitude": 25.653132973244393, "longitude": 91.542404309207143, "zone": "Ri_Bhoi", "landslide_id": 731, "source": "GSI_Bhukosh_validated" }, "geometry": { "type": "Point", "coordinates": [ 91.542404309207143, 25.653132973244393 ] } },
{ "type": "Feature", "properties": { "latitude": 25.684605135857801, "longitude": 91.637530030937754, "zone": "Ri_Bhoi", "landslide_id": 732, "source": "GSI_Bhukosh_validated" }, "geometry": { "type": "Point", "coordinates": [ 91.637530030937754, 25.684605135857801 ] } },
{ "type": "Feature", "properties": { "latitude": 25.460975285224112, "longitude": 91.899350123467585, "zone": "Ri_Bhoi", "landslide_id": 733, "source": "GSI_Bhukosh_validated" }, "geometry": { "type": "Point", "coordinates": [ 91.899350123467585, 25.460975285224112 ] } },
{ "type": "Feature", "properties": { "latitude": 25.593720542951409, "longitude": 91.691008458870428, "zone": "Ri_Bhoi", "landslide_id": 734, "source": "GSI_Bhukosh_validated" }, "geometry": { "type": "Point", "coordinates": [ 91.691008458870428, 25.593720542951409 ] } },
{ "type": "Feature", "properties": { "latitude": 25.602342735486562, "longitude": 91.572520507191939, "zone": "Ri_Bhoi", "landslide_id": 735, "source": "GSI_Bhukosh_validated" }, "geometry": { "type": "Point", "coordinates": [ 91.572520507191939, 25.602342735486562 ] } },
{ "type": "Feature", "properties": { "latitude": 25.842246569250563, "longitude": 91.680175847272082, "zone": "Ri_Bhoi", "landslide_id": 736, "source": "GSI_Bhukosh_validated" }, "geometry": { "type": "Point", "coordinates": [ 91.680175847272082, 25.842246569250563 ] } },
{ "type": "Feature", "properties": { "latitude": 25.733653659108768, "longitude": 91.733148313881074, "zone": "Ri_Bhoi", "landslide_id": 737, "source": "GSI_Bhukosh_validated" }, "geometry": { "type": "Point", "coordinates": [ 91.733148313881074, 25.733653659108768 ] } },
{ "type": "Feature", "properties": { "latitude": 25.483281306459443, "longitude": 91.551899856166415, "zone": "Ri_Bhoi", "landslide_id": 738, "source": "GSI_Bhukosh_validated" }, "geometry": { "type": "Point", "coordinates": [ 91.551899856166415, 25.483281306459443 ] } },
{ "type": "Feature", "properties": { "latitude": 25.686975716764799, "longitude": 91.869281703386847, "zone": "Ri_Bhoi", "landslide_id": 739, "source": "GSI_Bhukosh_validated" }, "geometry": { "type": "Point", "coordinates": [ 91.869281703386847, 25.686975716764799 ] } },
{ "type": "Feature", "properties": { "latitude": 25.724733262274516, "longitude": 91.634510613878703, "zone": "Ri_Bhoi", "landslide_id": 740, "source": "GSI_Bhukosh_validated" }, "geometry": { "type": "Point", "coordinates": [ 91.634510613878703, 25.724733262274516 ] } },
{ "type": "Feature", "properties": { "latitude": 25.82102235577819, "longitude": 91.674661463363705, "zone": "Ri_Bhoi", "landslide_id": 741, "source": "GSI_Bhukosh_validated" }, "geometry": { "type": "Point", "coordinates": [ 91.674661463363705, 25.82102235577819 ] } },
{ "type": "Feature", "properties": { "latitude": 25.887081102985256, "longitude": 91.699888637808158, "zone": "Ri_Bhoi", "landslide_id": 742, "source": "GSI_Bhukosh_validated" }, "geometry": { "type": "Point", "coordinates": [ 91.699888637808158, 25.887081102985256 ] } },
{ "type": "Feature", "properties": { "latitude": 25.497735871225817, "longitude": 91.663237991592169, "zone": "Ri_Bhoi", "landslide_id": 743, "source": "GSI_Bhukosh_validated" }, "geometry": { "type": "Point", "coordinates": [ 91.663237991592169, 25.497735871225817 ] } },
{ "type": "Feature", "properties": { "latitude": 25.528371373318446, "longitude": 91.725841075070434, "zone": "Ri_Bhoi", "landslide_id": 744, "source": "GSI_Bhukosh_validated" }, "geometry": { "type": "Point", "coordinates": [ 91.725841075070434, 25.528371373318446 ] } },
{ "type": "Feature", "properties": { "latitude": 25.461363321162807, "longitude": 91.507412022017959, "zone": "Ri_Bhoi", "landslide_id": 745, "source": "GSI_Bhukosh_validated" }, "geometry": { "type": "Point", "coordinates": [ 91.507412022017959, 25.461363321162807 ] } },
{ "type": "Feature", "properties": { "latitude": 25.614897021133952, "longitude": 91.516254736908095, "zone": "Ri_Bhoi", "landslide_id": 746, "source": "GSI_Bhukosh_validated" }, "geometry": { "type": "Point", "coordinates": [ 91.516254736908095, 25.614897021133952 ] } },
{ "type": "Feature", "properties": { "latitude": 25.719953756166948, "longitude": 91.434976865054239, "zone": "Ri_Bhoi", "landslide_id": 747, "source": "GSI_Bhukosh_validated" }, "geometry": { "type": "Point", "coordinates": [ 91.434976865054239, 25.719953756166948 ] } },
{ "type": "Feature", "properties": { "latitude": 25.798100177488365, "longitude": 91.665925184593021, "zone": "Ri_Bhoi", "landslide_id": 748, "source": "GSI_Bhukosh_validated" }, "geometry": { "type": "Point", "coordinates": [ 91.665925184593021, 25.798100177488365 ] } },
{ "type": "Feature", "properties": { "latitude": 25.638607346453622, "longitude": 91.716840475526809, "zone": "Ri_Bhoi", "landslide_id": 749, "source": "GSI_Bhukosh_validated" }, "geometry": { "type": "Point", "coordinates": [ 91.716840475526809, 25.638607346453622 ] } },
{ "type": "Feature", "properties": { "latitude": 25.602022871511771, "longitude": 91.668665929922781, "zone": "Ri_Bhoi", "landslide_id": 750, "source": "GSI_Bhukosh_validated" }, "geometry": { "type": "Point", "coordinates": [ 91.668665929922781, 25.602022871511771 ] } },
{ "type": "Feature", "properties": { "latitude": 25.672763698837311, "longitude": 91.851173865002124, "zone": "Ri_Bhoi", "landslide_id": 751, "source": "GSI_Bhukosh_validated" }, "geometry": { "type": "Point", "coordinates": [ 91.851173865002124, 25.672763698837311 ] } },
{ "type": "Feature", "properties": { "latitude": 25.524728564755495, "longitude": 91.59916059717564, "zone": "Ri_Bhoi", "landslide_id": 752, "source": "GSI_Bhukosh_validated" }, "geometry": { "type": "Point", "coordinates": [ 91.59916059717564, 25.524728564755495 ] } },
{ "type": "Feature", "properties": { "latitude": 25.963430808254216, "longitude": 91.700311248338878, "zone": "Ri_Bhoi", "landslide_id": 753, "source": "GSI_Bhukosh_validated" }, "geometry": { "type": "Point", "coordinates": [ 91.700311248338878, 25.963430808254216 ] } },
{ "type": "Feature", "properties": { "latitude": 25.408850845932289, "longitude": 91.436244868579095, "zone": "Ri_Bhoi", "landslide_id": 754, "source": "GSI_Bhukosh_validated" }, "geometry": { "type": "Point", "coordinates": [ 91.436244868579095, 25.408850845932289 ] } },
{ "type": "Feature", "properties": { "latitude": 25.677711086834357, "longitude": 91.541935044628829, "zone": "Ri_Bhoi", "landslide_id": 755, "source": "GSI_Bhukosh_validated" }, "geometry": { "type": "Point", "coordinates": [ 91.541935044628829, 25.677711086834357 ] } },
{ "type": "Feature", "properties": { "latitude": 25.953540932884444, "longitude": 91.704330663634863, "zone": "Ri_Bhoi", "landslide_id": 756, "source": "GSI_Bhukosh_validated" }, "geometry": { "type": "Point", "coordinates": [ 91.704330663634863, 25.953540932884444 ] } },
{ "type": "Feature", "properties": { "latitude": 25.651019976683997, "longitude": 91.727365316611468, "zone": "Ri_Bhoi", "landslide_id": 757, "source": "GSI_Bhukosh_validated" }, "geometry": { "type": "Point", "coordinates": [ 91.727365316611468, 25.651019976683997 ] } },
{ "type": "Feature", "properties": { "latitude": 25.621494144749775, "longitude": 91.555904957850373, "zone": "Ri_Bhoi", "landslide_id": 758, "source": "GSI_Bhukosh_validated" }, "geometry": { "type": "Point", "coordinates": [ 91.555904957850373, 25.621494144749775 ] } },
{ "type": "Feature", "properties": { "latitude": 25.596383186578436, "longitude": 91.589260112221282, "zone": "Ri_Bhoi", "landslide_id": 759, "source": "GSI_Bhukosh_validated" }, "geometry": { "type": "Point", "coordinates": [ 91.589260112221282, 25.596383186578436 ] } },
{ "type": "Feature", "properties": { "latitude": 25.622941247735639, "longitude": 91.372318937997875, "zone": "Ri_Bhoi", "landslide_id": 760, "source": "GSI_Bhukosh_validated" }, "geometry": { "type": "Point", "coordinates": [ 91.372318937997875, 25.622941247735639 ] } },
{ "type": "Feature", "properties": { "latitude": 25.855927271201477, "longitude": 91.546445619879009, "zone": "Ri_Bhoi", "landslide_id": 761, "source": "GSI_Bhukosh_validated" }, "geometry": { "type": "Point", "coordinates": [ 91.546445619879009, 25.855927271201477 ] } },
{ "type": "Feature", "properties": { "latitude": 25.318220713300573, "longitude": 91.733557474527956, "zone": "Ri_Bhoi", "landslide_id": 762, "source": "GSI_Bhukosh_validated" }, "geometry": { "type": "Point", "coordinates": [ 91.733557474527956, 25.318220713300573 ] } },
{ "type": "Feature", "properties": { "latitude": 25.880015055194448, "longitude": 91.686280752415982, "zone": "Ri_Bhoi", "landslide_id": 763, "source": "GSI_Bhukosh_validated" }, "geometry": { "type": "Point", "coordinates": [ 91.686280752415982, 25.880015055194448 ] } },
{ "type": "Feature", "properties": { "latitude": 25.436406427132479, "longitude": 91.675099858207176, "zone": "Ri_Bhoi", "landslide_id": 764, "source": "GSI_Bhukosh_validated" }, "geometry": { "type": "Point", "coordinates": [ 91.675099858207176, 25.436406427132479 ] } },
{ "type": "Feature", "properties": { "latitude": 25.610002150614836, "longitude": 91.607466053077133, "zone": "Ri_Bhoi", "landslide_id": 765, "source": "GSI_Bhukosh_validated" }, "geometry": { "type": "Point", "coordinates": [ 91.607466053077133, 25.610002150614836 ] } },
{ "type": "Feature", "properties": { "latitude": 25.585613336955198, "longitude": 91.601059473794223, "zone": "Ri_Bhoi", "landslide_id": 766, "source": "GSI_Bhukosh_validated" }, "geometry": { "type": "Point", "coordinates": [ 91.601059473794223, 25.585613336955198 ] } },
{ "type": "Feature", "properties": { "latitude": 25.738282990465606, "longitude": 91.500951829078971, "zone": "Ri_Bhoi", "landslide_id": 767, "source": "GSI_Bhukosh_validated" }, "geometry": { "type": "Point", "coordinates": [ 91.500951829078971, 25.738282990465606 ] } },
{ "type": "Feature", "properties": { "latitude": 25.410281347217435, "longitude": 91.704824263030375, "zone": "Ri_Bhoi", "landslide_id": 768, "source": "GSI_Bhukosh_validated" }, "geometry": { "type": "Point", "coordinates": [ 91.704824263030375, 25.410281347217435 ] } },
{ "type": "Feature", "properties": { "latitude": 25.719325899912288, "longitude": 91.663145941658399, "zone": "Ri_Bhoi", "landslide_id": 769, "source": "GSI_Bhukosh_validated" }, "geometry": { "type": "Point", "coordinates": [ 91.663145941658399, 25.719325899912288 ] } },
{ "type": "Feature", "properties": { "latitude": 25.953646443493028, "longitude": 91.673802827198912, "zone": "Ri_Bhoi", "landslide_id": 770, "source": "GSI_Bhukosh_validated" }, "geometry": { "type": "Point", "coordinates": [ 91.673802827198912, 25.953646443493028 ] } },
{ "type": "Feature", "properties": { "latitude": 25.445523899311077, "longitude": 91.521094773599856, "zone": "Ri_Bhoi", "landslide_id": 771, "source": "GSI_Bhukosh_validated" }, "geometry": { "type": "Point", "coordinates": [ 91.521094773599856, 25.445523899311077 ] } },
{ "type": "Feature", "properties": { "latitude": 25.678455925141559, "longitude": 91.276998562019301, "zone": "Ri_Bhoi", "landslide_id": 772, "source": "GSI_Bhukosh_validated" }, "geometry": { "type": "Point", "coordinates": [ 91.276998562019301, 25.678455925141559 ] } },
{ "type": "Feature", "properties": { "latitude": 25.550702673330509, "longitude": 91.76457290676305, "zone": "Ri_Bhoi", "landslide_id": 773, "source": "GSI_Bhukosh_validated" }, "geometry": { "type": "Point", "coordinates": [ 91.76457290676305, 25.550702673330509 ] } },
{ "type": "Feature", "properties": { "latitude": 25.713883080928955, "longitude": 91.528174381598731, "zone": "Ri_Bhoi", "landslide_id": 774, "source": "GSI_Bhukosh_validated" }, "geometry": { "type": "Point", "coordinates": [ 91.528174381598731, 25.713883080928955 ] } },
{ "type": "Feature", "properties": { "latitude": 25.652872166612362, "longitude": 91.470583635393524, "zone": "Ri_Bhoi", "landslide_id": 775, "source": "GSI_Bhukosh_validated" }, "geometry": { "type": "Point", "coordinates": [ 91.470583635393524, 25.652872166612362 ] } },
{ "type": "Feature", "properties": { "latitude": 25.553776963643351, "longitude": 91.704021836787092, "zone": "Ri_Bhoi", "landslide_id": 776, "source": "GSI_Bhukosh_validated" }, "geometry": { "type": "Point", "coordinates": [ 91.704021836787092, 25.553776963643351 ] } },
{ "type": "Feature", "properties": { "latitude": 25.72318084273066, "longitude": 91.541198104012125, "zone": "Ri_Bhoi", "landslide_id": 777, "source": "GSI_Bhukosh_validated" }, "geometry": { "type": "Point", "coordinates": [ 91.541198104012125, 25.72318084273066 ] } },
{ "type": "Feature", "properties": { "latitude": 25.92065221646801, "longitude": 91.758990457606984, "zone": "Ri_Bhoi", "landslide_id": 778, "source": "GSI_Bhukosh_validated" }, "geometry": { "type": "Point", "coordinates": [ 91.758990457606984, 25.92065221646801 ] } },
{ "type": "Feature", "properties": { "latitude": 25.621364431240902, "longitude": 91.6925508924365, "zone": "Ri_Bhoi", "landslide_id": 779, "source": "GSI_Bhukosh_validated" }, "geometry": { "type": "Point", "coordinates": [ 91.6925508924365, 25.621364431240902 ] } },
{ "type": "Feature", "properties": { "latitude": 25.757963691322225, "longitude": 91.702535398480066, "zone": "Ri_Bhoi", "landslide_id": 780, "source": "GSI_Bhukosh_validated" }, "geometry": { "type": "Point", "coordinates": [ 91.702535398480066, 25.757963691322225 ] } },
{ "type": "Feature", "properties": { "latitude": 25.456009056319324, "longitude": 91.39510664331992, "zone": "Ri_Bhoi", "landslide_id": 781, "source": "GSI_Bhukosh_validated" }, "geometry": { "type": "Point", "coordinates": [ 91.39510664331992, 25.456009056319324 ] } },
{ "type": "Feature", "properties": { "latitude": 25.506534543477297, "longitude": 91.781791597807953, "zone": "Ri_Bhoi", "landslide_id": 782, "source": "GSI_Bhukosh_validated" }, "geometry": { "type": "Point", "coordinates": [ 91.781791597807953, 25.506534543477297 ] } },
{ "type": "Feature", "properties": { "latitude": 25.720860941682055, "longitude": 91.639187579685071, "zone": "Ri_Bhoi", "landslide_id": 783, "source": "GSI_Bhukosh_validated" }, "geometry": { "type": "Point", "coordinates": [ 91.639187579685071, 25.720860941682055 ] } },
{ "type": "Feature", "properties": { "latitude": 25.872617404280394, "longitude": 91.544608429113069, "zone": "Ri_Bhoi", "landslide_id": 784, "source": "GSI_Bhukosh_validated" }, "geometry": { "type": "Point", "coordinates": [ 91.544608429113069, 25.872617404280394 ] } },
{ "type": "Feature", "properties": { "latitude": 25.703342002317846, "longitude": 91.62150827010133, "zone": "Ri_Bhoi", "landslide_id": 785, "source": "GSI_Bhukosh_validated" }, "geometry": { "type": "Point", "coordinates": [ 91.62150827010133, 25.703342002317846 ] } },
{ "type": "Feature", "properties": { "latitude": 25.603041295421527, "longitude": 91.333564715065251, "zone": "Ri_Bhoi", "landslide_id": 786, "source": "GSI_Bhukosh_validated" }, "geometry": { "type": "Point", "coordinates": [ 91.333564715065251, 25.603041295421527 ] } },
{ "type": "Feature", "properties": { "latitude": 25.649893710813501, "longitude": 91.661297921722095, "zone": "Ri_Bhoi", "landslide_id": 787, "source": "GSI_Bhukosh_validated" }, "geometry": { "type": "Point", "coordinates": [ 91.661297921722095, 25.649893710813501 ] } },
{ "type": "Feature", "properties": { "latitude": 25.462438839904539, "longitude": 91.445594273772684, "zone": "Ri_Bhoi", "landslide_id": 788, "source": "GSI_Bhukosh_validated" }, "geometry": { "type": "Point", "coordinates": [ 91.445594273772684, 25.462438839904539 ] } },
{ "type": "Feature", "properties": { "latitude": 25.740677298953305, "longitude": 91.39709945712346, "zone": "Ri_Bhoi", "landslide_id": 789, "source": "GSI_Bhukosh_validated" }, "geometry": { "type": "Point", "coordinates": [ 91.39709945712346, 25.740677298953305 ] } },
{ "type": "Feature", "properties": { "latitude": 25.782349959348512, "longitude": 91.371646122067304, "zone": "Ri_Bhoi", "landslide_id": 790, "source": "GSI_Bhukosh_validated" }, "geometry": { "type": "Point", "coordinates": [ 91.371646122067304, 25.782349959348512 ] } },
{ "type": "Feature", "properties": { "latitude": 25.582186450075035, "longitude": 91.766903256248483, "zone": "Ri_Bhoi", "landslide_id": 791, "source": "GSI_Bhukosh_validated" }, "geometry": { "type": "Point", "coordinates": [ 91.766903256248483, 25.582186450075035 ] } },
{ "type": "Feature", "properties": { "latitude": 25.579493677836073, "longitude": 91.505610490946083, "zone": "Ri_Bhoi", "landslide_id": 792, "source": "GSI_Bhukosh_validated" }, "geometry": { "type": "Point", "coordinates": [ 91.505610490946083, 25.579493677836073 ] } },
{ "type": "Feature", "properties": { "latitude": 25.689881734447805, "longitude": 91.830059156487465, "zone": "Ri_Bhoi", "landslide_id": 793, "source": "GSI_Bhukosh_validated" }, "geometry": { "type": "Point", "coordinates": [ 91.830059156487465, 25.689881734447805 ] } },
{ "type": "Feature", "properties": { "latitude": 25.584492039593908, "longitude": 91.519629780542147, "zone": "Ri_Bhoi", "landslide_id": 794, "source": "GSI_Bhukosh_validated" }, "geometry": { "type": "Point", "coordinates": [ 91.519629780542147, 25.584492039593908 ] } },
{ "type": "Feature", "properties": { "latitude": 25.640080107806124, "longitude": 91.343896306361046, "zone": "Ri_Bhoi", "landslide_id": 795, "source": "GSI_Bhukosh_validated" }, "geometry": { "type": "Point", "coordinates": [ 91.343896306361046, 25.640080107806124 ] } },
{ "type": "Feature", "properties": { "latitude": 25.964958268374975, "longitude": 91.432521334007689, "zone": "Ri_Bhoi", "landslide_id": 796, "source": "GSI_Bhukosh_validated" }, "geometry": { "type": "Point", "coordinates": [ 91.432521334007689, 25.964958268374975 ] } },
{ "type": "Feature", "properties": { "latitude": 25.612946144888099, "longitude": 91.785371743001036, "zone": "Ri_Bhoi", "landslide_id": 797, "source": "GSI_Bhukosh_validated" }, "geometry": { "type": "Point", "coordinates": [ 91.785371743001036, 25.612946144888099 ] } },
{ "type": "Feature", "properties": { "latitude": 25.596248977196815, "longitude": 91.5766152733095, "zone": "Ri_Bhoi", "landslide_id": 798, "source": "GSI_Bhukosh_validated" }, "geometry": { "type": "Point", "coordinates": [ 91.5766152733095, 25.596248977196815 ] } },
{ "type": "Feature", "properties": { "latitude": 25.552868729154724, "longitude": 91.517756905526397, "zone": "Ri_Bhoi", "landslide_id": 799, "source": "GSI_Bhukosh_validated" }, "geometry": { "type": "Point", "coordinates": [ 91.517756905526397, 25.552868729154724 ] } },
{ "type": "Feature", "properties": { "latitude": 25.761628795724988, "longitude": 91.624002733877916, "zone": "Ri_Bhoi", "landslide_id": 800, "source": "GSI_Bhukosh_validated" }, "geometry": { "type": "Point", "coordinates": [ 91.624002733877916, 25.761628795724988 ] } },
{ "type": "Feature", "properties": { "latitude": 25.622816374017283, "longitude": 91.675267410425121, "zone": "Ri_Bhoi", "landslide_id": 801, "source": "GSI_Bhukosh_validated" }, "geometry": { "type": "Point", "coordinates": [ 91.675267410425121, 25.622816374017283 ] } },
{ "type": "Feature", "properties": { "latitude": 25.552594044251784, "longitude": 91.767609822385367, "zone": "Ri_Bhoi", "landslide_id": 802, "source": "GSI_Bhukosh_validated" }, "geometry": { "type": "Point", "coordinates": [ 91.767609822385367, 25.552594044251784 ] } },
{ "type": "Feature", "properties": { "latitude": 25.848195604840949, "longitude": 91.817274884483936, "zone": "Ri_Bhoi", "landslide_id": 803, "source": "GSI_Bhukosh_validated" }, "geometry": { "type": "Point", "coordinates": [ 91.817274884483936, 25.848195604840949 ] } },
{ "type": "Feature", "properties": { "latitude": 25.862940450677044, "longitude": 91.546034703131625, "zone": "Ri_Bhoi", "landslide_id": 804, "source": "GSI_Bhukosh_validated" }, "geometry": { "type": "Point", "coordinates": [ 91.546034703131625, 25.862940450677044 ] } },
{ "type": "Feature", "properties": { "latitude": 25.559936465139192, "longitude": 91.401092847087682, "zone": "Ri_Bhoi", "landslide_id": 805, "source": "GSI_Bhukosh_validated" }, "geometry": { "type": "Point", "coordinates": [ 91.401092847087682, 25.559936465139192 ] } },
{ "type": "Feature", "properties": { "latitude": 25.370019007295905, "longitude": 91.537980225831504, "zone": "Ri_Bhoi", "landslide_id": 806, "source": "GSI_Bhukosh_validated" }, "geometry": { "type": "Point", "coordinates": [ 91.537980225831504, 25.370019007295905 ] } },
{ "type": "Feature", "properties": { "latitude": 25.801127053475536, "longitude": 91.639042075987433, "zone": "Ri_Bhoi", "landslide_id": 807, "source": "GSI_Bhukosh_validated" }, "geometry": { "type": "Point", "coordinates": [ 91.639042075987433, 25.801127053475536 ] } },
{ "type": "Feature", "properties": { "latitude": 25.547305526135997, "longitude": 91.455436161068405, "zone": "Ri_Bhoi", "landslide_id": 808, "source": "GSI_Bhukosh_validated" }, "geometry": { "type": "Point", "coordinates": [ 91.455436161068405, 25.547305526135997 ] } },
{ "type": "Feature", "properties": { "latitude": 25.768593839874413, "longitude": 91.456427362765737, "zone": "Ri_Bhoi", "landslide_id": 809, "source": "GSI_Bhukosh_validated" }, "geometry": { "type": "Point", "coordinates": [ 91.456427362765737, 25.768593839874413 ] } },
{ "type": "Feature", "properties": { "latitude": 25.354484427343223, "longitude": 91.651568182232481, "zone": "Ri_Bhoi", "landslide_id": 810, "source": "GSI_Bhukosh_validated" }, "geometry": { "type": "Point", "coordinates": [ 91.651568182232481, 25.354484427343223 ] } },
{ "type": "Feature", "properties": { "latitude": 25.783889600744896, "longitude": 91.592702147264433, "zone": "Ri_Bhoi", "landslide_id": 811, "source": "GSI_Bhukosh_validated" }, "geometry": { "type": "Point", "coordinates": [ 91.592702147264433, 25.783889600744896 ] } },
{ "type": "Feature", "properties": { "latitude": 25.468324210607882, "longitude": 91.604919549311731, "zone": "Ri_Bhoi", "landslide_id": 812, "source": "GSI_Bhukosh_validated" }, "geometry": { "type": "Point", "coordinates": [ 91.604919549311731, 25.468324210607882 ] } },
{ "type": "Feature", "properties": { "latitude": 25.759614617859977, "longitude": 91.486225699794986, "zone": "Ri_Bhoi", "landslide_id": 813, "source": "GSI_Bhukosh_validated" }, "geometry": { "type": "Point", "coordinates": [ 91.486225699794986, 25.759614617859977 ] } },
{ "type": "Feature", "properties": { "latitude": 25.652140960175462, "longitude": 91.565439892869122, "zone": "Ri_Bhoi", "landslide_id": 814, "source": "GSI_Bhukosh_validated" }, "geometry": { "type": "Point", "coordinates": [ 91.565439892869122, 25.652140960175462 ] } },
{ "type": "Feature", "properties": { "latitude": 25.506909087090502, "longitude": 91.461365028359751, "zone": "Ri_Bhoi", "landslide_id": 815, "source": "GSI_Bhukosh_validated" }, "geometry": { "type": "Point", "coordinates": [ 91.461365028359751, 25.506909087090502 ] } },
{ "type": "Feature", "properties": { "latitude": 25.58894455306098, "longitude": 91.733529761668706, "zone": "Ri_Bhoi", "landslide_id": 816, "source": "GSI_Bhukosh_validated" }, "geometry": { "type": "Point", "coordinates": [ 91.733529761668706, 25.58894455306098 ] } },
{ "type": "Feature", "properties": { "latitude": 25.752947768543503, "longitude": 91.755287400208559, "zone": "Ri_Bhoi", "landslide_id": 817, "source": "GSI_Bhukosh_validated" }, "geometry": { "type": "Point", "coordinates": [ 91.755287400208559, 25.752947768543503 ] } },
{ "type": "Feature", "properties": { "latitude": 25.665884167967285, "longitude": 91.323071820664282, "zone": "Ri_Bhoi", "landslide_id": 818, "source": "GSI_Bhukosh_validated" }, "geometry": { "type": "Point", "coordinates": [ 91.323071820664282, 25.665884167967285 ] } },
{ "type": "Feature", "properties": { "latitude": 25.737661947070873, "longitude": 91.460573370971133, "zone": "Ri_Bhoi", "landslide_id": 819, "source": "GSI_Bhukosh_validated" }, "geometry": { "type": "Point", "coordinates": [ 91.460573370971133, 25.737661947070873 ] } },
{ "type": "Feature", "properties": { "latitude": 25.946466087677322, "longitude": 91.375520611736476, "zone": "Ri_Bhoi", "landslide_id": 820, "source": "GSI_Bhukosh_validated" }, "geometry": { "type": "Point", "coordinates": [ 91.375520611736476, 25.946466087677322 ] } },
{ "type": "Feature", "properties": { "latitude": 25.415363758243341, "longitude": 91.502496409838955, "zone": "Ri_Bhoi", "landslide_id": 821, "source": "GSI_Bhukosh_validated" }, "geometry": { "type": "Point", "coordinates": [ 91.502496409838955, 25.415363758243341 ] } },
{ "type": "Feature", "properties": { "latitude": 25.892581886245292, "longitude": 91.587484304531444, "zone": "Ri_Bhoi", "landslide_id": 822, "source": "GSI_Bhukosh_validated" }, "geometry": { "type": "Point", "coordinates": [ 91.587484304531444, 25.892581886245292 ] } },
{ "type": "Feature", "properties": { "latitude": 25.665653390628481, "longitude": 91.382553217045214, "zone": "Ri_Bhoi", "landslide_id": 823, "source": "GSI_Bhukosh_validated" }, "geometry": { "type": "Point", "coordinates": [ 91.382553217045214, 25.665653390628481 ] } },
{ "type": "Feature", "properties": { "latitude": 25.51518239275153, "longitude": 91.461721028031192, "zone": "Ri_Bhoi", "landslide_id": 824, "source": "GSI_Bhukosh_validated" }, "geometry": { "type": "Point", "coordinates": [ 91.461721028031192, 25.51518239275153 ] } },
{ "type": "Feature", "properties": { "latitude": 25.450452956139149, "longitude": 91.449406394187776, "zone": "Ri_Bhoi", "landslide_id": 825, "source": "GSI_Bhukosh_validated" }, "geometry": { "type": "Point", "coordinates": [ 91.449406394187776, 25.450452956139149 ] } },
{ "type": "Feature", "properties": { "latitude": 25.621631941383445, "longitude": 91.631090099409832, "zone": "Ri_Bhoi", "landslide_id": 826, "source": "GSI_Bhukosh_validated" }, "geometry": { "type": "Point", "coordinates": [ 91.631090099409832, 25.621631941383445 ] } },
{ "type": "Feature", "properties": { "latitude": 25.788247516788669, "longitude": 91.610401650555431, "zone": "Ri_Bhoi", "landslide_id": 827, "source": "GSI_Bhukosh_validated" }, "geometry": { "type": "Point", "coordinates": [ 91.610401650555431, 25.788247516788669 ] } },
{ "type": "Feature", "properties": { "latitude": 25.013391493599531, "longitude": 91.209682002531451, "zone": "South_West_Khasi_Hills", "landslide_id": 828, "source": "GSI_Bhukosh_validated" }, "geometry": { "type": "Point", "coordinates": [ 91.209682002531451, 25.013391493599531 ] } },
{ "type": "Feature", "properties": { "latitude": 25.121218504656728, "longitude": 91.174409073783323, "zone": "South_West_Khasi_Hills", "landslide_id": 829, "source": "GSI_Bhukosh_validated" }, "geometry": { "type": "Point", "coordinates": [ 91.174409073783323, 25.121218504656728 ] } },
{ "type": "Feature", "properties": { "latitude": 25.034398389849528, "longitude": 91.624515821044625, "zone": "South_West_Khasi_Hills", "landslide_id": 830, "source": "GSI_Bhukosh_validated" }, "geometry": { "type": "Point", "coordinates": [ 91.624515821044625, 25.034398389849528 ] } },
{ "type": "Feature", "properties": { "latitude": 25.067401386760874, "longitude": 91.446753701284507, "zone": "South_West_Khasi_Hills", "landslide_id": 831, "source": "GSI_Bhukosh_validated" }, "geometry": { "type": "Point", "coordinates": [ 91.446753701284507, 25.067401386760874 ] } },
{ "type": "Feature", "properties": { "latitude": 25.300814250835828, "longitude": 91.295804872174841, "zone": "South_West_Khasi_Hills", "landslide_id": 832, "source": "GSI_Bhukosh_validated" }, "geometry": { "type": "Point", "coordinates": [ 91.295804872174841, 25.300814250835828 ] } },
{ "type": "Feature", "properties": { "latitude": 25.260855326214845, "longitude": 91.464155490334704, "zone": "South_West_Khasi_Hills", "landslide_id": 833, "source": "GSI_Bhukosh_validated" }, "geometry": { "type": "Point", "coordinates": [ 91.464155490334704, 25.260855326214845 ] } },
{ "type": "Feature", "properties": { "latitude": 25.199567890145502, "longitude": 91.40040506079167, "zone": "South_West_Khasi_Hills", "landslide_id": 834, "source": "GSI_Bhukosh_validated" }, "geometry": { "type": "Point", "coordinates": [ 91.40040506079167, 25.199567890145502 ] } },
{ "type": "Feature", "properties": { "latitude": 25.197367586538991, "longitude": 91.439338540741176, "zone": "South_West_Khasi_Hills", "landslide_id": 835, "source": "GSI_Bhukosh_validated" }, "geometry": { "type": "Point", "coordinates": [ 91.439338540741176, 25.197367586538991 ] } },
{ "type": "Feature", "properties": { "latitude": 25.198253317250586, "longitude": 91.278332485724903, "zone": "South_West_Khasi_Hills", "landslide_id": 836, "source": "GSI_Bhukosh_validated" }, "geometry": { "type": "Point", "coordinates": [ 91.278332485724903, 25.198253317250586 ] } },
{ "type": "Feature", "properties": { "latitude": 25.284551830209509, "longitude": 91.410282459368403, "zone": "South_West_Khasi_Hills", "landslide_id": 837, "source": "GSI_Bhukosh_validated" }, "geometry": { "type": "Point", "coordinates": [ 91.410282459368403, 25.284551830209509 ] } },
{ "type": "Feature", "properties": { "latitude": 25.222119376021222, "longitude": 91.292558441316444, "zone": "South_West_Khasi_Hills", "landslide_id": 838, "source": "GSI_Bhukosh_validated" }, "geometry": { "type": "Point", "coordinates": [ 91.292558441316444, 25.222119376021222 ] } },
{ "type": "Feature", "properties": { "latitude": 25.132579437299079, "longitude": 91.351027899300774, "zone": "South_West_Khasi_Hills", "landslide_id": 839, "source": "GSI_Bhukosh_validated" }, "geometry": { "type": "Point", "coordinates": [ 91.351027899300774, 25.132579437299079 ] } },
{ "type": "Feature", "properties": { "latitude": 25.166177153028745, "longitude": 91.280502152625175, "zone": "South_West_Khasi_Hills", "landslide_id": 840, "source": "GSI_Bhukosh_validated" }, "geometry": { "type": "Point", "coordinates": [ 91.280502152625175, 25.166177153028745 ] } },
{ "type": "Feature", "properties": { "latitude": 25.140870705968062, "longitude": 91.47813634901884, "zone": "South_West_Khasi_Hills", "landslide_id": 841, "source": "GSI_Bhukosh_validated" }, "geometry": { "type": "Point", "coordinates": [ 91.47813634901884, 25.140870705968062 ] } },
{ "type": "Feature", "properties": { "latitude": 25.14688351051138, "longitude": 91.503014133998803, "zone": "South_West_Khasi_Hills", "landslide_id": 842, "source": "GSI_Bhukosh_validated" }, "geometry": { "type": "Point", "coordinates": [ 91.503014133998803, 25.14688351051138 ] } },
{ "type": "Feature", "properties": { "latitude": 25.225678124794577, "longitude": 91.404588559395208, "zone": "South_West_Khasi_Hills", "landslide_id": 843, "source": "GSI_Bhukosh_validated" }, "geometry": { "type": "Point", "coordinates": [ 91.404588559395208, 25.225678124794577 ] } },
{ "type": "Feature", "properties": { "latitude": 25.240350799091335, "longitude": 91.22616903024398, "zone": "South_West_Khasi_Hills", "landslide_id": 844, "source": "GSI_Bhukosh_validated" }, "geometry": { "type": "Point", "coordinates": [ 91.22616903024398, 25.240350799091335 ] } },
{ "type": "Feature", "properties": { "latitude": 25.072473110711837, "longitude": 91.364038802239193, "zone": "South_West_Khasi_Hills", "landslide_id": 845, "source": "GSI_Bhukosh_validated" }, "geometry": { "type": "Point", "coordinates": [ 91.364038802239193, 25.072473110711837 ] } },
{ "type": "Feature", "properties": { "latitude": 25.094782766022337, "longitude": 91.393975445954993, "zone": "South_West_Khasi_Hills", "landslide_id": 846, "source": "GSI_Bhukosh_validated" }, "geometry": { "type": "Point", "coordinates": [ 91.393975445954993, 25.094782766022337 ] } },
{ "type": "Feature", "properties": { "latitude": 25.161710570722143, "longitude": 91.266563956907106, "zone": "South_West_Khasi_Hills", "landslide_id": 847, "source": "GSI_Bhukosh_validated" }, "geometry": { "type": "Point", "coordinates": [ 91.266563956907106, 25.161710570722143 ] } },
{ "type": "Feature", "properties": { "latitude": 25.1686468930057, "longitude": 91.575701268650292, "zone": "South_West_Khasi_Hills", "landslide_id": 848, "source": "GSI_Bhukosh_validated" }, "geometry": { "type": "Point", "coordinates": [ 91.575701268650292, 25.1686468930057 ] } },
{ "type": "Feature", "properties": { "latitude": 25.092537077960085, "longitude": 91.519623052815902, "zone": "South_West_Khasi_Hills", "landslide_id": 849, "source": "GSI_Bhukosh_validated" }, "geometry": { "type": "Point", "coordinates": [ 91.519623052815902, 25.092537077960085 ] } },
{ "type": "Feature", "properties": { "latitude": 25.234922403184463, "longitude": 91.433676368538826, "zone": "South_West_Khasi_Hills", "landslide_id": 850, "source": "GSI_Bhukosh_validated" }, "geometry": { "type": "Point", "coordinates": [ 91.433676368538826, 25.234922403184463 ] } },
{ "type": "Feature", "properties": { "latitude": 25.059910732282408, "longitude": 91.611034458103418, "zone": "South_West_Khasi_Hills", "landslide_id": 851, "source": "GSI_Bhukosh_validated" }, "geometry": { "type": "Point", "coordinates": [ 91.611034458103418, 25.059910732282408 ] } },
{ "type": "Feature", "properties": { "latitude": 25.167752711107234, "longitude": 91.444652656712833, "zone": "South_West_Khasi_Hills", "landslide_id": 852, "source": "GSI_Bhukosh_validated" }, "geometry": { "type": "Point", "coordinates": [ 91.444652656712833, 25.167752711107234 ] } },
{ "type": "Feature", "properties": { "latitude": 25.097173741895094, "longitude": 91.393625521637901, "zone": "South_West_Khasi_Hills", "landslide_id": 853, "source": "GSI_Bhukosh_validated" }, "geometry": { "type": "Point", "coordinates": [ 91.393625521637901, 25.097173741895094 ] } },
{ "type": "Feature", "properties": { "latitude": 25.079077489051659, "longitude": 91.546828265890241, "zone": "South_West_Khasi_Hills", "landslide_id": 854, "source": "GSI_Bhukosh_validated" }, "geometry": { "type": "Point", "coordinates": [ 91.546828265890241, 25.079077489051659 ] } },
{ "type": "Feature", "properties": { "latitude": 25.127036950644914, "longitude": 91.531576308057311, "zone": "South_West_Khasi_Hills", "landslide_id": 855, "source": "GSI_Bhukosh_validated" }, "geometry": { "type": "Point", "coordinates": [ 91.531576308057311, 25.127036950644914 ] } },
{ "type": "Feature", "properties": { "latitude": 25.055656768539997, "longitude": 91.324918725500467, "zone": "South_West_Khasi_Hills", "landslide_id": 856, "source": "GSI_Bhukosh_validated" }, "geometry": { "type": "Point", "coordinates": [ 91.324918725500467, 25.055656768539997 ] } },
{ "type": "Feature", "properties": { "latitude": 25.0842232885194, "longitude": 91.241690336648148, "zone": "South_West_Khasi_Hills", "landslide_id": 857, "source": "GSI_Bhukosh_validated" }, "geometry": { "type": "Point", "coordinates": [ 91.241690336648148, 25.0842232885194 ] } },
{ "type": "Feature", "properties": { "latitude": 25.199125660572982, "longitude": 91.375642323512523, "zone": "South_West_Khasi_Hills", "landslide_id": 858, "source": "GSI_Bhukosh_validated" }, "geometry": { "type": "Point", "coordinates": [ 91.375642323512523, 25.199125660572982 ] } },
{ "type": "Feature", "properties": { "latitude": 25.047588291531415, "longitude": 91.303995372272283, "zone": "South_West_Khasi_Hills", "landslide_id": 859, "source": "GSI_Bhukosh_validated" }, "geometry": { "type": "Point", "coordinates": [ 91.303995372272283, 25.047588291531415 ] } },
{ "type": "Feature", "properties": { "latitude": 25.309950068504651, "longitude": 91.548492576162104, "zone": "South_West_Khasi_Hills", "landslide_id": 860, "source": "GSI_Bhukosh_validated" }, "geometry": { "type": "Point", "coordinates": [ 91.548492576162104, 25.309950068504651 ] } },
{ "type": "Feature", "properties": { "latitude": 25.265774489442858, "longitude": 91.34512380138959, "zone": "South_West_Khasi_Hills", "landslide_id": 861, "source": "GSI_Bhukosh_validated" }, "geometry": { "type": "Point", "coordinates": [ 91.34512380138959, 25.265774489442858 ] } },
{ "type": "Feature", "properties": { "latitude": 25.182764936629425, "longitude": 91.406962728177007, "zone": "South_West_Khasi_Hills", "landslide_id": 862, "source": "GSI_Bhukosh_validated" }, "geometry": { "type": "Point", "coordinates": [ 91.406962728177007, 25.182764936629425 ] } },
{ "type": "Feature", "properties": { "latitude": 25.039643027533842, "longitude": 91.50181170586464, "zone": "South_West_Khasi_Hills", "landslide_id": 863, "source": "GSI_Bhukosh_validated" }, "geometry": { "type": "Point", "coordinates": [ 91.50181170586464, 25.039643027533842 ] } },
{ "type": "Feature", "properties": { "latitude": 25.131618465839729, "longitude": 91.130373279921855, "zone": "South_West_Khasi_Hills", "landslide_id": 864, "source": "GSI_Bhukosh_validated" }, "geometry": { "type": "Point", "coordinates": [ 91.130373279921855, 25.131618465839729 ] } },
{ "type": "Feature", "properties": { "latitude": 25.135306895481619, "longitude": 91.327195964628174, "zone": "South_West_Khasi_Hills", "landslide_id": 865, "source": "GSI_Bhukosh_validated" }, "geometry": { "type": "Point", "coordinates": [ 91.327195964628174, 25.135306895481619 ] } },
{ "type": "Feature", "properties": { "latitude": 25.071871063962043, "longitude": 91.42535404307354, "zone": "South_West_Khasi_Hills", "landslide_id": 866, "source": "GSI_Bhukosh_validated" }, "geometry": { "type": "Point", "coordinates": [ 91.42535404307354, 25.071871063962043 ] } },
{ "type": "Feature", "properties": { "latitude": 25.005948120129634, "longitude": 91.544009474771229, "zone": "South_West_Khasi_Hills", "landslide_id": 867, "source": "GSI_Bhukosh_validated" }, "geometry": { "type": "Point", "coordinates": [ 91.544009474771229, 25.005948120129634 ] } },
{ "type": "Feature", "properties": { "latitude": 25.017135073722049, "longitude": 91.340971706299257, "zone": "South_West_Khasi_Hills", "landslide_id": 868, "source": "GSI_Bhukosh_validated" }, "geometry": { "type": "Point", "coordinates": [ 91.340971706299257, 25.017135073722049 ] } },
{ "type": "Feature", "properties": { "latitude": 25.000181335012346, "longitude": 91.474365373515937, "zone": "South_West_Khasi_Hills", "landslide_id": 869, "source": "GSI_Bhukosh_validated" }, "geometry": { "type": "Point", "coordinates": [ 91.474365373515937, 25.000181335012346 ] } },
{ "type": "Feature", "properties": { "latitude": 25.09193860519408, "longitude": 91.323756513340925, "zone": "South_West_Khasi_Hills", "landslide_id": 870, "source": "GSI_Bhukosh_validated" }, "geometry": { "type": "Point", "coordinates": [ 91.323756513340925, 25.09193860519408 ] } },
{ "type": "Feature", "properties": { "latitude": 25.014108801306712, "longitude": 91.257240000909164, "zone": "South_West_Khasi_Hills", "landslide_id": 871, "source": "GSI_Bhukosh_validated" }, "geometry": { "type": "Point", "coordinates": [ 91.257240000909164, 25.014108801306712 ] } },
{ "type": "Feature", "properties": { "latitude": 25.181846247885517, "longitude": 91.32507855323442, "zone": "South_West_Khasi_Hills", "landslide_id": 872, "source": "GSI_Bhukosh_validated" }, "geometry": { "type": "Point", "coordinates": [ 91.32507855323442, 25.181846247885517 ] } },
{ "type": "Feature", "properties": { "latitude": 25.278469538640312, "longitude": 91.377856957081306, "zone": "South_West_Khasi_Hills", "landslide_id": 873, "source": "GSI_Bhukosh_validated" }, "geometry": { "type": "Point", "coordinates": [ 91.377856957081306, 25.278469538640312 ] } },
{ "type": "Feature", "properties": { "latitude": 25.030393611035596, "longitude": 91.327430640255415, "zone": "South_West_Khasi_Hills", "landslide_id": 874, "source": "GSI_Bhukosh_validated" }, "geometry": { "type": "Point", "coordinates": [ 91.327430640255415, 25.030393611035596 ] } },
{ "type": "Feature", "properties": { "latitude": 25.128728540064248, "longitude": 91.13533207314812, "zone": "South_West_Khasi_Hills", "landslide_id": 875, "source": "GSI_Bhukosh_validated" }, "geometry": { "type": "Point", "coordinates": [ 91.13533207314812, 25.128728540064248 ] } },
{ "type": "Feature", "properties": { "latitude": 25.159962213236355, "longitude": 91.507647943626466, "zone": "South_West_Khasi_Hills", "landslide_id": 876, "source": "GSI_Bhukosh_validated" }, "geometry": { "type": "Point", "coordinates": [ 91.507647943626466, 25.159962213236355 ] } },
{ "type": "Feature", "properties": { "latitude": 25.156640272510316, "longitude": 91.552985004953456, "zone": "South_West_Khasi_Hills", "landslide_id": 877, "source": "GSI_Bhukosh_validated" }, "geometry": { "type": "Point", "coordinates": [ 91.552985004953456, 25.156640272510316 ] } },
{ "type": "Feature", "properties": { "latitude": 25.109114632149932, "longitude": 91.478182638960746, "zone": "South_West_Khasi_Hills", "landslide_id": 878, "source": "GSI_Bhukosh_validated" }, "geometry": { "type": "Point", "coordinates": [ 91.478182638960746, 25.109114632149932 ] } },
{ "type": "Feature", "properties": { "latitude": 25.189121890203168, "longitude": 91.26347771954903, "zone": "South_West_Khasi_Hills", "landslide_id": 879, "source": "GSI_Bhukosh_validated" }, "geometry": { "type": "Point", "coordinates": [ 91.26347771954903, 25.189121890203168 ] } },
{ "type": "Feature", "properties": { "latitude": 25.15786987432168, "longitude": 91.375821015926306, "zone": "South_West_Khasi_Hills", "landslide_id": 880, "source": "GSI_Bhukosh_validated" }, "geometry": { "type": "Point", "coordinates": [ 91.375821015926306, 25.15786987432168 ] } },
{ "type": "Feature", "properties": { "latitude": 25.204298727726716, "longitude": 91.471855326747431, "zone": "South_West_Khasi_Hills", "landslide_id": 881, "source": "GSI_Bhukosh_validated" }, "geometry": { "type": "Point", "coordinates": [ 91.471855326747431, 25.204298727726716 ] } },
{ "type": "Feature", "properties": { "latitude": 25.20647490047201, "longitude": 91.480200858646171, "zone": "South_West_Khasi_Hills", "landslide_id": 882, "source": "GSI_Bhukosh_validated" }, "geometry": { "type": "Point", "coordinates": [ 91.480200858646171, 25.20647490047201 ] } },
{ "type": "Feature", "properties": { "latitude": 25.008405667498572, "longitude": 91.311899144146579, "zone": "South_West_Khasi_Hills", "landslide_id": 883, "source": "GSI_Bhukosh_validated" }, "geometry": { "type": "Point", "coordinates": [ 91.311899144146579, 25.008405667498572 ] } },
{ "type": "Feature", "properties": { "latitude": 25.104552540253714, "longitude": 91.40983946676964, "zone": "South_West_Khasi_Hills", "landslide_id": 884, "source": "GSI_Bhukosh_validated" }, "geometry": { "type": "Point", "coordinates": [ 91.40983946676964, 25.104552540253714 ] } },
{ "type": "Feature", "properties": { "latitude": 25.181999479137328, "longitude": 91.454873648553829, "zone": "South_West_Khasi_Hills", "landslide_id": 885, "source": "GSI_Bhukosh_validated" }, "geometry": { "type": "Point", "coordinates": [ 91.454873648553829, 25.181999479137328 ] } },
{ "type": "Feature", "properties": { "latitude": 25.074882341650479, "longitude": 91.574698678657612, "zone": "South_West_Khasi_Hills", "landslide_id": 886, "source": "GSI_Bhukosh_validated" }, "geometry": { "type": "Point", "coordinates": [ 91.574698678657612, 25.074882341650479 ] } },
{ "type": "Feature", "properties": { "latitude": 25.228757365731923, "longitude": 91.484540784778972, "zone": "South_West_Khasi_Hills", "landslide_id": 887, "source": "GSI_Bhukosh_validated" }, "geometry": { "type": "Point", "coordinates": [ 91.484540784778972, 25.228757365731923 ] } },
{ "type": "Feature", "properties": { "latitude": 25.383664699354323, "longitude": 91.494686802485063, "zone": "South_West_Khasi_Hills", "landslide_id": 888, "source": "GSI_Bhukosh_validated" }, "geometry": { "type": "Point", "coordinates": [ 91.494686802485063, 25.383664699354323 ] } },
{ "type": "Feature", "properties": { "latitude": 25.005681676083803, "longitude": 91.410059195351522, "zone": "South_West_Khasi_Hills", "landslide_id": 889, "source": "GSI_Bhukosh_validated" }, "geometry": { "type": "Point", "coordinates": [ 91.410059195351522, 25.005681676083803 ] } },
{ "type": "Feature", "properties": { "latitude": 25.136458231472588, "longitude": 91.449171535515148, "zone": "South_West_Khasi_Hills", "landslide_id": 890, "source": "GSI_Bhukosh_validated" }, "geometry": { "type": "Point", "coordinates": [ 91.449171535515148, 25.136458231472588 ] } },
{ "type": "Feature", "properties": { "latitude": 25.18658750061514, "longitude": 91.296669450779177, "zone": "South_West_Khasi_Hills", "landslide_id": 891, "source": "GSI_Bhukosh_validated" }, "geometry": { "type": "Point", "coordinates": [ 91.296669450779177, 25.18658750061514 ] } },
{ "type": "Feature", "properties": { "latitude": 25.072296035138628, "longitude": 91.568404396415033, "zone": "South_West_Khasi_Hills", "landslide_id": 892, "source": "GSI_Bhukosh_validated" }, "geometry": { "type": "Point", "coordinates": [ 91.568404396415033, 25.072296035138628 ] } },
{ "type": "Feature", "properties": { "latitude": 25.274391279598525, "longitude": 91.483748392704683, "zone": "South_West_Khasi_Hills", "landslide_id": 893, "source": "GSI_Bhukosh_validated" }, "geometry": { "type": "Point", "coordinates": [ 91.483748392704683, 25.274391279598525 ] } },
{ "type": "Feature", "properties": { "latitude": 25.183150234763794, "longitude": 91.342460843912093, "zone": "South_West_Khasi_Hills", "landslide_id": 894, "source": "GSI_Bhukosh_validated" }, "geometry": { "type": "Point", "coordinates": [ 91.342460843912093, 25.183150234763794 ] } },
{ "type": "Feature", "properties": { "latitude": 25.027296701508934, "longitude": 91.435589065416892, "zone": "South_West_Khasi_Hills", "landslide_id": 895, "source": "GSI_Bhukosh_validated" }, "geometry": { "type": "Point", "coordinates": [ 91.435589065416892, 25.027296701508934 ] } },
{ "type": "Feature", "properties": { "latitude": 25.306325348744878, "longitude": 91.455582175432113, "zone": "South_West_Khasi_Hills", "landslide_id": 896, "source": "GSI_Bhukosh_validated" }, "geometry": { "type": "Point", "coordinates": [ 91.455582175432113, 25.306325348744878 ] } },
{ "type": "Feature", "properties": { "latitude": 25.339101842380174, "longitude": 91.423675071875749, "zone": "South_West_Khasi_Hills", "landslide_id": 897, "source": "GSI_Bhukosh_validated" }, "geometry": { "type": "Point", "coordinates": [ 91.423675071875749, 25.339101842380174 ] } },
{ "type": "Feature", "properties": { "latitude": 25.008001209465998, "longitude": 91.437357040813154, "zone": "South_West_Khasi_Hills", "landslide_id": 898, "source": "GSI_Bhukosh_validated" }, "geometry": { "type": "Point", "coordinates": [ 91.437357040813154, 25.008001209465998 ] } },
{ "type": "Feature", "properties": { "latitude": 25.034053143690972, "longitude": 91.603994884949174, "zone": "South_West_Khasi_Hills", "landslide_id": 899, "source": "GSI_Bhukosh_validated" }, "geometry": { "type": "Point", "coordinates": [ 91.603994884949174, 25.034053143690972 ] } },
{ "type": "Feature", "properties": { "latitude": 25.203150546437577, "longitude": 91.528585178268187, "zone": "South_West_Khasi_Hills", "landslide_id": 900, "source": "GSI_Bhukosh_validated" }, "geometry": { "type": "Point", "coordinates": [ 91.528585178268187, 25.203150546437577 ] } },
{ "type": "Feature", "properties": { "latitude": 25.05354432202526, "longitude": 91.422876270951804, "zone": "South_West_Khasi_Hills", "landslide_id": 901, "source": "GSI_Bhukosh_validated" }, "geometry": { "type": "Point", "coordinates": [ 91.422876270951804, 25.05354432202526 ] } },
{ "type": "Feature", "properties": { "latitude": 25.094550653848131, "longitude": 91.512957269692109, "zone": "South_West_Khasi_Hills", "landslide_id": 902, "source": "GSI_Bhukosh_validated" }, "geometry": { "type": "Point", "coordinates": [ 91.512957269692109, 25.094550653848131 ] } },
{ "type": "Feature", "properties": { "latitude": 25.103046610465089, "longitude": 91.276097131576705, "zone": "South_West_Khasi_Hills", "landslide_id": 903, "source": "GSI_Bhukosh_validated" }, "geometry": { "type": "Point", "coordinates": [ 91.276097131576705, 25.103046610465089 ] } },
{ "type": "Feature", "properties": { "latitude": 25.098339470468694, "longitude": 91.617116761967978, "zone": "South_West_Khasi_Hills", "landslide_id": 904, "source": "GSI_Bhukosh_validated" }, "geometry": { "type": "Point", "coordinates": [ 91.617116761967978, 25.098339470468694 ] } },
{ "type": "Feature", "properties": { "latitude": 25.0172326671123, "longitude": 91.373834492552916, "zone": "South_West_Khasi_Hills", "landslide_id": 905, "source": "GSI_Bhukosh_validated" }, "geometry": { "type": "Point", "coordinates": [ 91.373834492552916, 25.0172326671123 ] } },
{ "type": "Feature", "properties": { "latitude": 25.04082526131203, "longitude": 91.298283928565709, "zone": "South_West_Khasi_Hills", "landslide_id": 906, "source": "GSI_Bhukosh_validated" }, "geometry": { "type": "Point", "coordinates": [ 91.298283928565709, 25.04082526131203 ] } },
{ "type": "Feature", "properties": { "latitude": 25.273235840416259, "longitude": 91.321749333368842, "zone": "South_West_Khasi_Hills", "landslide_id": 907, "source": "GSI_Bhukosh_validated" }, "geometry": { "type": "Point", "coordinates": [ 91.321749333368842, 25.273235840416259 ] } },
{ "type": "Feature", "properties": { "latitude": 25.19758462240976, "longitude": 91.305828571024676, "zone": "South_West_Khasi_Hills", "landslide_id": 908, "source": "GSI_Bhukosh_validated" }, "geometry": { "type": "Point", "coordinates": [ 91.305828571024676, 25.19758462240976 ] } },
{ "type": "Feature", "properties": { "latitude": 25.066524448360184, "longitude": 91.355539028169204, "zone": "South_West_Khasi_Hills", "landslide_id": 909, "source": "GSI_Bhukosh_validated" }, "geometry": { "type": "Point", "coordinates": [ 91.355539028169204, 25.066524448360184 ] } },
{ "type": "Feature", "properties": { "latitude": 25.066428779780502, "longitude": 91.231331957698572, "zone": "South_West_Khasi_Hills", "landslide_id": 910, "source": "GSI_Bhukosh_validated" }, "geometry": { "type": "Point", "coordinates": [ 91.231331957698572, 25.066428779780502 ] } },
{ "type": "Feature", "properties": { "latitude": 25.194844627526205, "longitude": 91.401874200073962, "zone": "South_West_Khasi_Hills", "landslide_id": 911, "source": "GSI_Bhukosh_validated" }, "geometry": { "type": "Point", "coordinates": [ 91.401874200073962, 25.194844627526205 ] } },
{ "type": "Feature", "properties": { "latitude": 25.140806155348269, "longitude": 91.508273260854409, "zone": "South_West_Khasi_Hills", "landslide_id": 912, "source": "GSI_Bhukosh_validated" }, "geometry": { "type": "Point", "coordinates": [ 91.508273260854409, 25.140806155348269 ] } },
{ "type": "Feature", "properties": { "latitude": 25.168473559666346, "longitude": 91.291069258382379, "zone": "South_West_Khasi_Hills", "landslide_id": 913, "source": "GSI_Bhukosh_validated" }, "geometry": { "type": "Point", "coordinates": [ 91.291069258382379, 25.168473559666346 ] } },
{ "type": "Feature", "properties": { "latitude": 25.216182159263944, "longitude": 91.582314070837015, "zone": "South_West_Khasi_Hills", "landslide_id": 914, "source": "GSI_Bhukosh_validated" }, "geometry": { "type": "Point", "coordinates": [ 91.582314070837015, 25.216182159263944 ] } },
{ "type": "Feature", "properties": { "latitude": 25.060242994018001, "longitude": 91.46129505062332, "zone": "South_West_Khasi_Hills", "landslide_id": 915, "source": "GSI_Bhukosh_validated" }, "geometry": { "type": "Point", "coordinates": [ 91.46129505062332, 25.060242994018001 ] } },
{ "type": "Feature", "properties": { "latitude": 25.026531591859072, "longitude": 91.523669670274899, "zone": "South_West_Khasi_Hills", "landslide_id": 916, "source": "GSI_Bhukosh_validated" }, "geometry": { "type": "Point", "coordinates": [ 91.523669670274899, 25.026531591859072 ] } },
{ "type": "Feature", "properties": { "latitude": 25.000950736402526, "longitude": 91.502543027247995, "zone": "South_West_Khasi_Hills", "landslide_id": 917, "source": "GSI_Bhukosh_validated" }, "geometry": { "type": "Point", "coordinates": [ 91.502543027247995, 25.000950736402526 ] } },
{ "type": "Feature", "properties": { "latitude": 25.453891331037049, "longitude": 91.268967931952574, "zone": "South_West_Khasi_Hills", "landslide_id": 918, "source": "GSI_Bhukosh_validated" }, "geometry": { "type": "Point", "coordinates": [ 91.268967931952574, 25.453891331037049 ] } },
{ "type": "Feature", "properties": { "latitude": 25.249361549688416, "longitude": 91.506829700100383, "zone": "South_West_Khasi_Hills", "landslide_id": 919, "source": "GSI_Bhukosh_validated" }, "geometry": { "type": "Point", "coordinates": [ 91.506829700100383, 25.249361549688416 ] } },
{ "type": "Feature", "properties": { "latitude": 25.15782392740622, "longitude": 91.258928647325021, "zone": "South_West_Khasi_Hills", "landslide_id": 920, "source": "GSI_Bhukosh_validated" }, "geometry": { "type": "Point", "coordinates": [ 91.258928647325021, 25.15782392740622 ] } },
{ "type": "Feature", "properties": { "latitude": 25.165671775685357, "longitude": 91.292591618926807, "zone": "South_West_Khasi_Hills", "landslide_id": 921, "source": "GSI_Bhukosh_validated" }, "geometry": { "type": "Point", "coordinates": [ 91.292591618926807, 25.165671775685357 ] } },
{ "type": "Feature", "properties": { "latitude": 25.165866060238084, "longitude": 91.471667386190418, "zone": "South_West_Khasi_Hills", "landslide_id": 922, "source": "GSI_Bhukosh_validated" }, "geometry": { "type": "Point", "coordinates": [ 91.471667386190418, 25.165866060238084 ] } },
{ "type": "Feature", "properties": { "latitude": 25.069405304773557, "longitude": 91.286198239493103, "zone": "South_West_Khasi_Hills", "landslide_id": 923, "source": "GSI_Bhukosh_validated" }, "geometry": { "type": "Point", "coordinates": [ 91.286198239493103, 25.069405304773557 ] } },
{ "type": "Feature", "properties": { "latitude": 25.084945488799654, "longitude": 91.455584755051902, "zone": "South_West_Khasi_Hills", "landslide_id": 924, "source": "GSI_Bhukosh_validated" }, "geometry": { "type": "Point", "coordinates": [ 91.455584755051902, 25.084945488799654 ] } },
{ "type": "Feature", "properties": { "latitude": 25.139345542899125, "longitude": 91.235943463224771, "zone": "South_West_Khasi_Hills", "landslide_id": 925, "source": "GSI_Bhukosh_validated" }, "geometry": { "type": "Point", "coordinates": [ 91.235943463224771, 25.139345542899125 ] } },
{ "type": "Feature", "properties": { "latitude": 25.110307160755202, "longitude": 91.501780905520008, "zone": "South_West_Khasi_Hills", "landslide_id": 926, "source": "GSI_Bhukosh_validated" }, "geometry": { "type": "Point", "coordinates": [ 91.501780905520008, 25.110307160755202 ] } },
{ "type": "Feature", "properties": { "latitude": 25.07242404433098, "longitude": 91.466275992521545, "zone": "South_West_Khasi_Hills", "landslide_id": 927, "source": "GSI_Bhukosh_validated" }, "geometry": { "type": "Point", "coordinates": [ 91.466275992521545, 25.07242404433098 ] } },
{ "type": "Feature", "properties": { "latitude": 25.121025370269024, "longitude": 91.316387381788459, "zone": "South_West_Khasi_Hills", "landslide_id": 928, "source": "GSI_Bhukosh_validated" }, "geometry": { "type": "Point", "coordinates": [ 91.316387381788459, 25.121025370269024 ] } },
{ "type": "Feature", "properties": { "latitude": 25.458231080312412, "longitude": 91.469843188050177, "zone": "South_West_Khasi_Hills", "landslide_id": 929, "source": "GSI_Bhukosh_validated" }, "geometry": { "type": "Point", "coordinates": [ 91.469843188050177, 25.458231080312412 ] } },
{ "type": "Feature", "properties": { "latitude": 25.144097799856919, "longitude": 91.431253071600025, "zone": "South_West_Khasi_Hills", "landslide_id": 930, "source": "GSI_Bhukosh_validated" }, "geometry": { "type": "Point", "coordinates": [ 91.431253071600025, 25.144097799856919 ] } },
{ "type": "Feature", "properties": { "latitude": 25.062376437659314, "longitude": 91.335338977256882, "zone": "South_West_Khasi_Hills", "landslide_id": 931, "source": "GSI_Bhukosh_validated" }, "geometry": { "type": "Point", "coordinates": [ 91.335338977256882, 25.062376437659314 ] } },
{ "type": "Feature", "properties": { "latitude": 25.21061618023727, "longitude": 91.278973437910864, "zone": "South_West_Khasi_Hills", "landslide_id": 932, "source": "GSI_Bhukosh_validated" }, "geometry": { "type": "Point", "coordinates": [ 91.278973437910864, 25.21061618023727 ] } },
{ "type": "Feature", "properties": { "latitude": 25.157922546465105, "longitude": 91.164484916999299, "zone": "South_West_Khasi_Hills", "landslide_id": 933, "source": "GSI_Bhukosh_validated" }, "geometry": { "type": "Point", "coordinates": [ 91.164484916999299, 25.157922546465105 ] } },
{ "type": "Feature", "properties": { "latitude": 25.150411338854223, "longitude": 91.441958005675971, "zone": "South_West_Khasi_Hills", "landslide_id": 934, "source": "GSI_Bhukosh_validated" }, "geometry": { "type": "Point", "coordinates": [ 91.441958005675971, 25.150411338854223 ] } },
{ "type": "Feature", "properties": { "latitude": 25.17282207118588, "longitude": 91.212223667436561, "zone": "South_West_Khasi_Hills", "landslide_id": 935, "source": "GSI_Bhukosh_validated" }, "geometry": { "type": "Point", "coordinates": [ 91.212223667436561, 25.17282207118588 ] } },
{ "type": "Feature", "properties": { "latitude": 25.346785227779545, "longitude": 91.411441303932961, "zone": "South_West_Khasi_Hills", "landslide_id": 936, "source": "GSI_Bhukosh_validated" }, "geometry": { "type": "Point", "coordinates": [ 91.411441303932961, 25.346785227779545 ] } },
{ "type": "Feature", "properties": { "latitude": 25.156835849217376, "longitude": 91.481497133052585, "zone": "South_West_Khasi_Hills", "landslide_id": 937, "source": "GSI_Bhukosh_validated" }, "geometry": { "type": "Point", "coordinates": [ 91.481497133052585, 25.156835849217376 ] } },
{ "type": "Feature", "properties": { "latitude": 25.166661517561071, "longitude": 91.360466265638351, "zone": "South_West_Khasi_Hills", "landslide_id": 938, "source": "GSI_Bhukosh_validated" }, "geometry": { "type": "Point", "coordinates": [ 91.360466265638351, 25.166661517561071 ] } },
{ "type": "Feature", "properties": { "latitude": 25.049915982367391, "longitude": 91.440206963490098, "zone": "South_West_Khasi_Hills", "landslide_id": 939, "source": "GSI_Bhukosh_validated" }, "geometry": { "type": "Point", "coordinates": [ 91.440206963490098, 25.049915982367391 ] } },
{ "type": "Feature", "properties": { "latitude": 25.064589210291452, "longitude": 91.437938714861943, "zone": "South_West_Khasi_Hills", "landslide_id": 940, "source": "GSI_Bhukosh_validated" }, "geometry": { "type": "Point", "coordinates": [ 91.437938714861943, 25.064589210291452 ] } },
{ "type": "Feature", "properties": { "latitude": 25.217098006321365, "longitude": 91.456312110777034, "zone": "South_West_Khasi_Hills", "landslide_id": 941, "source": "GSI_Bhukosh_validated" }, "geometry": { "type": "Point", "coordinates": [ 91.456312110777034, 25.217098006321365 ] } },
{ "type": "Feature", "properties": { "latitude": 25.210214533273092, "longitude": 91.215731345215147, "zone": "South_West_Khasi_Hills", "landslide_id": 942, "source": "GSI_Bhukosh_validated" }, "geometry": { "type": "Point", "coordinates": [ 91.215731345215147, 25.210214533273092 ] } },
{ "type": "Feature", "properties": { "latitude": 25.106592093319982, "longitude": 91.473496255281631, "zone": "South_West_Khasi_Hills", "landslide_id": 943, "source": "GSI_Bhukosh_validated" }, "geometry": { "type": "Point", "coordinates": [ 91.473496255281631, 25.106592093319982 ] } },
{ "type": "Feature", "properties": { "latitude": 25.0148504174301, "longitude": 91.27799802457082, "zone": "South_West_Khasi_Hills", "landslide_id": 944, "source": "GSI_Bhukosh_validated" }, "geometry": { "type": "Point", "coordinates": [ 91.27799802457082, 25.0148504174301 ] } },
{ "type": "Feature", "properties": { "latitude": 25.073957953949076, "longitude": 91.395283125484696, "zone": "South_West_Khasi_Hills", "landslide_id": 945, "source": "GSI_Bhukosh_validated" }, "geometry": { "type": "Point", "coordinates": [ 91.395283125484696, 25.073957953949076 ] } },
{ "type": "Feature", "properties": { "latitude": 25.062982065385302, "longitude": 91.383860385871799, "zone": "South_West_Khasi_Hills", "landslide_id": 946, "source": "GSI_Bhukosh_validated" }, "geometry": { "type": "Point", "coordinates": [ 91.383860385871799, 25.062982065385302 ] } },
{ "type": "Feature", "properties": { "latitude": 25.391205978361462, "longitude": 91.44006319598823, "zone": "South_West_Khasi_Hills", "landslide_id": 947, "source": "GSI_Bhukosh_validated" }, "geometry": { "type": "Point", "coordinates": [ 91.44006319598823, 25.391205978361462 ] } },
{ "type": "Feature", "properties": { "latitude": 25.151955179043284, "longitude": 91.571764013819745, "zone": "South_West_Khasi_Hills", "landslide_id": 948, "source": "GSI_Bhukosh_validated" }, "geometry": { "type": "Point", "coordinates": [ 91.571764013819745, 25.151955179043284 ] } },
{ "type": "Feature", "properties": { "latitude": 25.032227119499488, "longitude": 91.242533696788243, "zone": "South_West_Khasi_Hills", "landslide_id": 949, "source": "GSI_Bhukosh_validated" }, "geometry": { "type": "Point", "coordinates": [ 91.242533696788243, 25.032227119499488 ] } },
{ "type": "Feature", "properties": { "latitude": 25.222565995451529, "longitude": 91.474648398836734, "zone": "South_West_Khasi_Hills", "landslide_id": 950, "source": "GSI_Bhukosh_validated" }, "geometry": { "type": "Point", "coordinates": [ 91.474648398836734, 25.222565995451529 ] } },
{ "type": "Feature", "properties": { "latitude": 25.350613132744392, "longitude": 91.55947199834425, "zone": "South_West_Khasi_Hills", "landslide_id": 951, "source": "GSI_Bhukosh_validated" }, "geometry": { "type": "Point", "coordinates": [ 91.55947199834425, 25.350613132744392 ] } }
]
}
